customer_id,pre_revenue,pre_orders,revenue,orders
12346,169.36,2,77183.60,1
12347,611.53,1,4085.18,6
12348,221.16,1,1437.24,4
12349,2221.14,2,1457.55,1
12351,300.93,1,0,0
12352,343.80,2,1385.74,7
12353,317.76,1,89.00,1
12355,488.21,1,459.40,1
12356,3124.30,3,2487.43,3
12357,11229.99,1,6207.67,1
12358,2519.01,3,404.86,1
12359,2563.36,6,6310.03,4
12360,1310.83,3,2302.06,3
12361,276.35,3,174.90,1
12366,500.24,1,0,0
12368,917.70,1,0,0
12369,1511.15,3,0,0
12370,534.62,3,3421.94,4
12371,1819.42,3,1527.96,1
12373,603.05,2,324.60,1
12374,2046.29,2,622.93,1
12376,383.15,2,0,0
12377,1718.20,2,1548.12,2
12378,1407.70,1,4008.62,1
12379,692.98,2,777.24,2
12380,4782.84,4,2427.81,4
12385,1668.40,1,0,0
12387,143.94,1,0,0
12388,1120.45,2,2780.66,6
12389,1433.33,3,0,0
12391,2285.18,5,439.66,1
12392,234.75,1,0,0
12393,816.85,2,1582.60,4
12395,1558.54,3,2682.63,12
12396,931.43,1,0,0
12399,808.65,3,1033.65,4
12400,205.25,1,0,0
12402,941.30,5,195.60,1
12403,555.66,1,391.70,1
12406,2975.06,3,3415.30,2
12408,1287.22,3,2618.55,5
12409,12346.62,4,11072.67,3
12410,240.38,1,533.33,2
12411,346.90,1,0,0
12412,1262.05,3,1142.88,3
12413,185.35,1,686.10,3
12414,90.00,1,442.41,3
12415,19468.84,4,124564.53,20
12416,202.56,1,0,0
12417,2772.31,11,2901.37,8
12418,1352.62,3,668.58,1
12419,391.01,2,0,0
12421,235.56,2,639.04,4
12422,2955.79,9,683.56,3
12423,667.08,2,1440.67,7
12424,1579.07,2,1760.96,2
12425,964.21,1,777.20,1
12426,690.48,1,510.73,1
12429,2454.01,4,3388.40,4
12431,3787.27,10,6314.95,15
12433,3418.27,3,10737.18,5
12434,297.29,1,806.14,2
12435,6096.04,4,7829.89,2
12437,6834.99,20,4335.51,17
12439,1142.88,2,0,0
12440,739.20,2,0,0
12443,365.31,1,0,0
12445,301.58,1,77.40,1
12449,678.60,1,3596.29,4
12450,490.32,3,197.88,2
12451,3634.36,3,8995.52,5
12454,12931.44,3,3528.34,1
12455,3383.09,4,2339.86,5
12457,512.68,1,2043.23,6
12458,715.09,2,787.40,2
12459,398.36,1,0,0
12460,296.65,1,0,0
12467,132.80,1,0,0
12468,2581.20,3,657.54,2
12469,3070.54,2,0,0
12470,211.95,1,0,0
12471,17711.25,44,15390.14,26
12472,8903.18,12,6068.11,7
12474,4616.66,11,6694.09,18
12475,396.26,1,669.38,1
12476,6421.49,7,5898.42,11
12477,7056.63,3,13219.74,6
12480,1949.22,3,2885.63,4
12481,6029.69,4,5003.82,10
12482,21941.72,27,0,0
12483,2158.20,11,1910.98,8
12484,1617.78,5,3939.32,4
12485,708.10,1,0,0
12486,917.28,1,0,0
12487,285.30,1,0,0
12490,3904.71,10,4451.63,9
12492,380.00,1,227.21,2
12494,479.17,2,1084.10,7
12495,277.40,1,0,0
12496,45.34,2,0,0
12497,5043.40,2,953.10,1
12499,357.72,1,0,0
12500,1499.39,7,4059.82,11
12503,896.00,1,0,0
12504,261.00,2,428.05,2
12505,787.20,1,0,0
12507,455.25,1,1052.81,3
12510,2224.46,5,814.57,2
12511,3084.02,1,0,0
12514,580.08,1,1017.68,1
12516,1102.56,2,1186.06,2
12519,349.70,1,276.84,1
12523,2310.58,12,1699.77,11
12524,5848.39,9,3945.72,8
12525,883.73,3,0,0
12527,386.80,2,330.71,3
12529,316.48,1,0,0
12530,1880.98,5,1500.28,4
12531,1645.98,1,125.22,1
12533,1223.89,2,0,0
12537,612.94,1,0,0
12538,276.50,1,363.95,1
12539,5618.40,3,5568.35,4
12540,7670.25,15,11580.24,17
12542,481.88,2,0,0
12543,840.25,1,0,0
12547,147.78,1,151.80,2
12549,1570.68,5,0,0
12553,826.47,2,3019.26,9
12554,384.50,1,0,0
12557,6105.18,3,11990.96,5
12562,1041.18,2,2785.37,6
12563,221.24,1,0,0
12567,2132.20,5,8609.28,10
12568,52.00,1,0,0
12573,556.87,4,160.54,1
12575,568.82,2,0,0
12576,746.89,3,1315.83,5
12577,990.50,5,622.65,3
12578,1623.94,2,2402.51,2
12580,583.20,1,379.70,1
12582,1469.04,2,351.36,2
12583,5788.20,12,6064.61,14
12586,1865.73,3,196.94,1
12588,543.88,2,174.90,1
12589,2720.23,4,574.68,2
12591,746.10,2,368.85,1
12592,1322.04,2,401.60,2
12594,1681.89,5,3208.22,9
12595,281.02,1,0,0
12598,1385.01,3,2807.08,7
12599,1138.14,6,888.58,7
12600,2074.81,10,2311.04,10
12601,86.20,1,487.06,5
12605,1124.95,3,0,0
12608,415.79,1,0,0
12609,2057.01,6,964.85,3
12613,3184.99,5,3092.38,4
12615,3269.79,4,1706.34,3
12616,381.80,1,641.30,2
12619,140.14,1,2945.56,8
12621,9685.53,15,11313.47,19
12623,3046.74,6,269.10,1
12625,2265.06,2,2413.82,2
12629,1198.22,2,0,0
12631,2841.07,5,480.50,1
12632,714.88,2,0,0
12633,3226.18,3,1929.98,4
12634,360.00,1,0,0
12635,1115.23,2,1509.18,2
12637,2280.91,4,5804.90,8
12638,169.80,1,511.69,1
12639,706.27,2,366.10,1
12643,4762.18,5,3041.64,6
12644,1422.58,3,477.91,1
12645,1584.12,4,1631.18,4
12647,10962.73,23,3146.82,12
12648,738.95,3,300.05,1
12649,1527.14,5,569.51,3
12651,263.75,3,114.00,1
12652,97.05,1,793.98,1
12653,1950.98,1,2209.85,2
12655,243.35,1,0,0
12656,2104.66,3,3619.17,5
12661,162.00,1,0,0
12662,2586.76,9,3336.83,10
12663,185.40,2,0,0
12664,1028.16,2,3581.88,8
12665,214.60,2,45.00,1
12666,1248.42,1,0,0
12668,6728.88,5,3177.15,4
12670,692.24,2,2744.05,5
12671,2622.48,1,0,0
12672,181.15,1,225.90,1
12673,565.50,1,220.90,1
12675,873.25,2,0,0
12676,1241.70,4,1091.39,6
12677,359.10,2,0,0
12678,16263.72,6,16331.46,9
12681,14571.22,22,12365.54,22
12682,9716.40,20,10437.19,30
12683,2833.13,6,6905.09,13
12687,1858.91,1,0,0
12691,116.60,1,927.80,5
12692,110.95,1,0,0
12693,703.11,3,711.91,4
12694,901.68,1,761.67,2
12695,789.02,3,497.00,3
12696,731.91,2,0,0
12698,285.75,1,0,0
12699,566.11,1,0,0
12701,1522.70,4,725.71,2
12703,632.98,3,265.55,1
12705,4731.81,5,6382.29,8
12708,2116.75,8,2442.91,10
12709,20086.66,17,9400.52,15
12711,1213.05,2,0,0
12712,2056.90,8,3928.13,13
12714,8520.85,7,4294.86,5
12717,227.93,1,830.98,2
12720,1789.55,4,4823.26,24
12721,1248.95,2,2386.13,6
12724,1160.11,3,733.17,3
12725,1534.96,2,371.80,1
12726,1279.50,4,2411.10,7
12727,1464.83,3,3440.70,7
12728,197.84,1,728.33,4
12730,703.25,1,0,0
12731,6879.80,5,18751.91,12
12733,2040.07,3,383.95,1
12734,493.25,2,110.40,1
12739,1445.69,1,975.54,1
12741,236.07,1,0,0
12742,1201.52,1,0,0
12744,4037.77,4,9120.39,4
12745,723.85,2,0,0
12746,254.55,1,0,0
12747,4702.47,15,3757.51,10
12748,17525.96,116,30652.63,197
12749,2806.48,4,3277.82,4
12751,268.27,1,0,0
12755,1424.31,9,3811.95,2
12758,7111.65,5,2791.59,2
12759,3207.30,5,1411.44,3
12760,317.80,1,0,0
12761,712.95,1,0,0
12765,1299.58,6,0,0
12766,1677.36,2,5851.20,6
12767,949.82,1,0,0
12768,168.69,1,0,0
12770,1895.00,1,1351.45,1
12771,226.30,1,0,0
12773,124.25,1,0,0
12774,83.70,1,0,0
12775,270.08,2,1281.04,5
12776,27.50,1,0,0
12777,519.45,1,0,0
12778,848.45,3,693.23,6
12779,2492.75,6,3981.36,8
12780,322.40,1,0,0
12782,1923.32,6,1714.67,4
12784,1034.33,1,476.82,1
12785,648.45,2,255.95,1
12786,668.50,1,0,0
12787,380.52,1,418.66,3
12788,384.90,4,0,0
12789,148.50,2,76.85,1
12790,251.93,1,294.92,1
12791,479.23,4,177.60,1
12792,370.47,1,344.54,1
12793,284.05,1,461.48,2
12796,351.00,1,0,0
12797,242.05,1,226.03,1
12798,1533.89,1,6977.04,3
12799,219.35,1,0,0
12800,500.25,2,0,0
12801,871.82,1,0,0
12802,1788.84,4,397.58,1
12803,1017.81,1,0,0
12804,325.37,2,0,0
12805,1230.95,4,0,0
12806,2558.96,2,0,0
12807,250.35,1,0,0
12808,293.05,2,455.65,3
12809,979.03,2,405.31,1
12810,534.99,2,0,0
12811,435.05,2,458.85,2
12813,1621.80,3,0,0
12817,444.94,2,126.04,1
12819,540.52,1,0,0
12820,1747.18,7,731.99,3
12821,128.08,1,92.72,1
12823,4742.00,13,1759.50,5
12825,518.63,2,0,0
12826,1326.03,5,1332.12,6
12829,92.30,1,293.00,2
12831,236.06,2,215.05,1
12835,5996.83,41,0,0
12836,3949.37,11,2610.36,4
12837,528.56,1,134.10,1
12838,2303.96,8,671.95,2
12839,4077.70,12,4839.03,13
12840,1315.20,3,2726.77,4
12841,2966.62,15,3840.57,23
12842,799.00,2,1118.99,2
12843,4759.61,20,1702.26,8
12844,322.64,2,325.96,2
12847,765.36,1,843.64,1
12848,208.00,1,0,0
12849,2023.33,4,992.65,2
12850,330.00,1,0,0
12851,148.95,1,131.81,1
12853,1950.40,5,1957.10,6
12854,1654.72,4,1316.25,3
12855,574.74,3,38.10,1
12857,2581.60,4,1106.40,2
12858,147.27,1,0,0
12859,575.10,1,0,0
12860,54.22,1,0,0
12861,68.25,1,0,0
12862,984.62,2,0,0
12863,2271.35,5,521.20,1
12864,152.45,1,147.12,1
12865,1755.24,2,1568.23,2
12866,593.23,2,499.12,1
12867,3819.92,6,4009.34,7
12868,436.70,2,1607.06,6
12869,337.67,1,0,0
12870,1676.95,3,0,0
12871,363.38,1,380.64,2
12872,2683.99,10,599.97,2
12873,1653.30,2,374.00,1
12874,873.42,2,0,0
12875,1013.76,3,343.23,2
12876,1698.77,2,2053.02,2
12877,1406.37,8,1436.11,11
12880,640.13,2,0,0
12887,222.40,1,0,0
12889,385.46,4,0,0
12890,329.30,1,376.72,1
12891,509.50,8,331.00,3
12892,263.38,1,0,0
12894,157.35,1,0,0
12897,297.75,2,216.50,2
12898,296.21,2,0,0
12899,366.40,1,0,0
12900,340.33,1,0,0
12903,833.53,1,0,0
12905,1018.42,2,0,0
12907,508.91,2,0,0
12908,1026.00,3,750.00,2
12909,924.52,3,2178.67,5
12910,2721.48,5,3075.04,8
12911,1651.72,1,0,0
12913,3799.61,8,1948.53,4
12914,223.98,1,0,0
12915,611.45,2,363.65,2
12916,1534.78,3,2944.95,4
12917,3765.20,5,594.00,1
12920,323.86,3,162.78,1
12921,18646.15,37,16587.09,37
12923,597.60,2,171.57,1
12924,1535.70,8,925.75,4
12925,35.28,1,368.31,1
12926,1523.59,4,0,0
12927,197.31,1,0,0
12928,2242.19,7,2062.70,5
12931,50291.38,42,42055.96,15
12932,1698.56,8,0,0
12933,1029.10,5,607.53,3
12934,181.65,1,0,0
12935,2083.16,8,1816.92,5
12937,1593.34,5,1504.27,4
12939,13683.00,12,11581.80,8
12941,377.49,1,0,0
12943,496.50,2,0,0
12945,437.16,1,462.95,1
12946,324.45,1,0,0
12948,252.48,2,2064.95,7
12949,11359.48,14,4167.22,8
12951,2149.65,9,751.78,5
12953,498.96,1,329.85,1
12954,162.45,1,0,0
12956,413.82,3,108.07,1
12957,4689.43,5,4017.54,8
12958,467.34,2,0,0
12959,150.95,1,0,0
12960,1322.07,4,0,0
12961,211.99,1,0,0
12963,1379.16,4,1591.98,7
12964,132.24,1,0,0
12967,1277.62,1,1660.90,2
12969,122.45,1,0,0
12970,1047.07,6,23.80,2
12971,4514.69,30,11028.01,84
12972,1161.20,4,0,0
12973,385.55,1,0,0
12974,264.15,1,144.80,1
12975,2100.09,6,0,0
12976,2417.78,7,738.60,1
12977,474.64,3,39.24,1
12978,2502.82,5,0,0
12979,517.70,1,0,0
12980,8870.88,12,7374.90,9
12982,2354.27,7,390.54,1
12983,490.08,1,0,0
12986,2729.84,10,0,0
12987,753.51,3,558.70,2
12989,6627.64,18,6794.98,13
12990,546.00,4,409.50,3
12991,261.06,1,503.76,2
12992,93.35,1,0,0
12993,844.87,4,414.76,4
12996,355.50,1,0,0
12997,884.02,4,1226.89,4
12998,920.08,3,0,0
13000,497.65,1,534.85,3
13001,14256.68,20,9194.96,12
13002,293.18,2,120.95,1
13004,5994.94,18,5655.91,18
13005,485.98,2,513.70,2
13007,175.25,1,0,0
13008,382.66,2,229.47,1
13009,234.00,1,0,0
13010,330.12,2,0,0
13012,1310.99,3,1646.84,8
13013,6286.49,16,4515.84,12
13014,1914.80,1,3466.28,10
13015,3240.14,6,3339.64,5
13018,2485.46,7,7277.70,28
13019,1229.95,6,0,0
13020,618.96,2,0,0
13021,2270.86,8,2310.95,8
13022,50.30,1,0,0
13023,651.13,1,599.90,2
13024,555.87,2,0,0
13025,323.39,1,0,0
13026,757.72,4,774.84,4
13027,10327.20,13,6912.00,6
13029,679.80,2,1247.50,3
13031,3292.84,5,0,0
13032,1805.78,7,1010.18,2
13033,30.00,1,190.55,1
13034,114.05,1,642.77,2
13035,442.32,1,921.88,2
13036,307.10,1,0,0
13037,3033.88,9,881.07,3
13039,1010.73,4,0,0
13041,799.13,4,0,0
13042,1488.59,3,0,0
13044,4287.58,10,560.47,1
13045,503.64,2,305.28,1
13046,319.94,1,629.31,2
13047,5190.99,14,3232.59,9
13048,2229.72,5,1819.41,4
13049,751.56,2,656.68,2
13050,6044.18,17,5833.11,17
13051,155.80,2,0,0
13052,2770.33,6,348.15,1
13053,127.65,1,0,0
13055,1106.70,1,1214.41,3
13056,209.48,1,0,0
13057,709.59,3,0,0
13059,2108.37,9,183.40,1
13063,188.40,1,0,0
13064,561.25,2,1105.59,4
13065,849.19,4,205.86,1
13067,393.05,2,115.46,1
13069,4853.01,14,4151.20,23
13070,522.90,3,228.80,1
13071,129.22,1,0,0
13073,418.08,2,0,0
13074,1378.74,4,0,0
13076,135.40,1,0,0
13077,2012.63,7,576.19,3
13078,16390.12,31,11788.86,25
13079,199.08,1,190.10,4
13080,222.65,3,58.08,1
13081,28500.99,17,28337.38,11
13082,3722.12,12,3613.63,9
13083,91.68,1,192.39,1
13084,122.40,1,0,0
13085,2017.20,6,416.08,2
13086,439.33,1,0,0
13087,313.64,1,0,0
13088,236.11,1,0,0
13089,54654.83,106,54080.46,93
13090,4180.92,10,8540.44,12
13091,762.98,1,345.82,1
13092,1662.45,7,477.83,5
13093,46311.78,47,7832.47,8
13094,282.12,1,1927.32,12
13096,419.70,1,0,0
13097,7012.14,17,6003.22,10
13101,594.21,3,101.19,1
13102,4956.01,13,5921.96,22
13103,465.70,2,243.94,1
13104,610.62,3,759.00,5
13105,72.00,1,0,0
13106,526.96,1,76.50,1
13107,3721.45,5,1531.62,4
13108,398.40,1,350.06,1
13109,347.49,1,786.54,2
13110,1468.80,5,1488.67,7
13111,321.88,1,0,0
13112,20.60,1,0,0
13113,5984.11,13,11906.76,23
13114,234.38,1,0,0
13115,3199.92,6,2294.78,4
13117,1270.75,10,984.91,8
13118,1217.60,4,1197.81,5
13119,134.90,1,0,0
13123,506.75,2,0,0
13124,885.33,1,3756.33,3
13125,148.62,1,0,0
13126,1675.17,5,1730.20,7
13128,263.50,1,0,0
13129,233.25,2,0,0
13131,2240.47,4,1073.30,3
13133,90.65,1,109.80,2
13134,681.65,2,1793.58,4
13135,275.45,1,3096.00,1
13136,3666.95,8,2607.61,5
13137,3983.65,8,3603.29,8
13138,311.62,1,962.39,6
13139,3138.04,1,5064.94,7
13140,632.45,2,422.47,3
13141,5267.33,12,2388.75,5
13143,405.10,1,0,0
13144,24.40,1,110.95,1
13145,510.00,3,618.52,4
13148,4805.06,14,3683.26,12
13150,449.97,3,0,0
13151,1196.84,2,1257.87,1
13152,2146.38,7,0,0
13154,1624.84,3,0,0
13155,398.72,2,971.76,4
13156,1586.54,3,0,0
13157,3946.14,5,1741.22,4
13158,307.12,1,1201.06,4
13161,359.38,1,112.75,1
13162,7587.20,12,1688.29,4
13163,17.65,1,0,0
13164,372.20,2,0,0
13165,429.68,1,1021.48,2
13166,458.73,1,417.20,1
13167,333.82,1,779.33,4
13168,541.14,1,1299.59,4
13169,127.20,1,712.88,2
13172,69.60,1,0,0
13173,2036.17,9,165.94,1
13174,5233.64,8,2738.82,3
13175,831.45,2,0,0
13177,229.75,1,282.45,1
13178,8333.72,10,5725.47,11
13179,572.31,1,0,0
13180,86.10,1,0,0
13181,359.69,1,0,0
13183,3078.40,6,3528.72,8
13187,92.34,3,236.02,1
13190,570.66,3,0,0
13191,159.21,1,0,0
13192,1646.64,4,911.94,2
13194,412.08,1,60.70,1
13195,136.73,1,0,0
13196,1271.06,3,1797.78,4
13197,373.01,1,0,0
13198,1572.99,2,3401.24,6
13199,6147.09,29,9160.30,34
13201,1233.06,4,0,0
13202,1580.30,7,0,0
13203,1778.79,6,869.46,4
13204,966.66,1,0,0
13205,2803.20,1,0,0
13206,8308.19,13,0,0
13207,285.60,2,250.26,2
13208,758.65,3,1193.17,5
13209,2617.90,5,5891.61,8
13211,1523.35,7,1095.42,3
13213,2330.94,6,1520.58,5
13214,3264.23,7,0,0
13215,81.60,1,0,0
13217,132.50,1,533.98,3
13219,76.23,1,0,0
13220,516.80,1,819.29,4
13222,88.50,1,0,0
13223,805.92,4,163.20,2
13225,9796.23,9,5100.64,6
13226,204.25,1,108.21,1
13230,3353.88,16,2364.92,13
13233,571.34,2,605.12,2
13234,346.50,2,0,0
13237,643.00,1,0,0
13238,305.90,2,700.73,4
13239,1265.13,4,329.56,1
13240,806.69,4,648.70,4
13241,112.53,1,0,0
13242,429.00,4,270.40,3
13243,635.26,4,585.12,1
13245,558.72,1,430.50,1
13246,1390.23,5,1961.52,6
13249,897.52,6,711.41,3
13250,253.09,2,0,0
13251,252.68,1,0,0
13252,399.30,2,0,0
13253,1920.71,2,1030.40,2
13254,51.41,1,0,0
13255,279.25,1,399.51,2
13257,149.75,1,0,0
13258,336.60,2,672.83,3
13259,1115.61,8,283.18,1
13262,373.16,2,200.29,1
13263,1239.27,4,7067.51,32
13264,722.56,1,0,0
13266,2300.78,7,3834.26,12
13267,4908.32,17,4220.29,18
13269,3194.04,13,5009.60,14
13274,360.85,1,0,0
13275,238.86,2,0,0
13276,1300.98,3,590.93,2
13277,264.90,3,258.40,4
13278,882.62,3,542.73,1
13280,1494.87,4,798.46,3
13281,350.85,1,0,0
13282,181.05,1,1132.14,3
13283,279.70,2,93.66,2
13285,655.47,2,2709.12,4
13286,734.91,1,0,0
13287,781.59,3,0,0
13288,927.61,5,0,0
13289,307.95,1,0,0
13291,2909.68,10,361.11,1
13292,415.57,3,578.94,2
13293,1192.94,6,0,0
13294,815.79,1,873.74,2
13295,900.77,3,201.20,1
13296,705.11,5,87.40,1
13297,2278.77,3,1766.33,3
13299,1076.20,2,142.50,1
13300,913.62,2,371.89,1
13302,95.45,1,63.75,1
13303,61.72,1,0,0
13304,917.57,3,300.42,1
13305,1615.55,6,1787.70,9
13306,53.65,1,0,0
13307,258.34,2,15.00,1
13308,284.86,1,1385.51,3
13309,249.58,1,1221.91,4
13310,409.17,2,1132.03,3
13312,124.75,1,0,0
13313,1890.00,7,1555.32,5
13315,310.26,1,0,0
13316,7207.89,6,5732.93,4
13317,4212.41,13,2273.68,6
13319,10477.67,32,10536.45,25
13320,679.40,2,1532.20,4
13324,3391.52,8,7121.95,10
13326,281.76,1,0,0
13327,5425.10,11,3627.77,8
13329,4019.77,6,789.00,2
13330,1655.17,3,1140.93,3
13331,262.40,1,0,0
13333,1015.74,3,0,0
13334,2699.48,2,3502.32,3
13337,1575.26,1,0,0
13338,1908.60,3,437.02,1
13340,11364.08,5,10736.48,7
13346,299.40,6,0,0
13357,3185.61,4,609.40,1
13359,553.75,1,389.56,1
13360,1503.65,4,0,0
13361,1450.50,2,0,0
13362,2303.33,3,3090.74,4
13363,731.36,1,892.50,2
13367,460.20,1,0,0
13368,448.10,2,573.40,2
13371,2297.66,2,0,0
13373,4274.94,3,3312.25,3
13374,372.80,2,0,0
13375,1013.58,1,778.65,1
13377,1452.88,2,0,0
13380,62.40,1,0,0
13381,4585.06,6,3639.31,6
13382,1164.59,4,222.99,1
13383,305.28,1,0,0
13384,2528.90,4,4151.93,7
13386,835.46,2,0,0
13387,181.84,1,0,0
13388,508.55,1,677.10,2
13392,91.14,1,0,0
13393,1131.45,4,0,0
13394,4101.68,11,2217.92,7
13395,872.51,2,307.72,1
13397,1647.74,5,1544.13,5
13398,213.00,1,457.34,1
13399,275.40,3,0,0
13400,310.83,1,0,0
13402,605.62,2,621.23,2
13403,154.50,2,75.00,1
13405,641.36,3,557.45,2
13406,568.92,2,0,0
13407,2244.70,3,0,0
13408,22057.74,44,26708.42,59
13410,1198.90,4,1003.06,5
13412,487.35,1,0,0
13413,429.44,6,0,0
13414,1103.64,3,1390.50,3
13415,784.17,4,0,0
13416,228.30,1,712.50,2
13417,1028.66,4,236.00,1
13418,5432.23,13,6127.43,18
13421,2225.04,6,1823.21,2
13423,217.03,1,0,0
13424,572.77,1,0,0
13425,1766.22,2,1624.21,3
13426,4526.06,12,3349.54,9
13427,423.93,3,582.60,3
13428,276.76,2,201.78,1
13431,2047.14,6,1269.10,2
13432,436.55,2,0,0
13433,658.32,4,0,0
13434,1132.62,3,534.24,2
13435,637.44,2,3367.59,6
13438,46.50,1,0,0
13439,702.90,2,283.71,1
13440,1295.25,7,0,0
13441,424.26,1,296.64,1
13442,419.87,3,0,0
13443,1269.37,6,0,0
13444,619.08,2,0,0
13445,241.90,1,0,0
13446,3881.89,11,0,0
13448,4851.53,6,3534.69,6
13450,2076.32,7,2043.72,6
13451,4190.66,6,2898.26,5
13452,139.80,1,590.00,2
13453,424.71,1,356.98,2
13454,219.87,1,0,0
13455,1154.65,4,1058.34,2
13457,148.22,2,0,0
13458,2312.70,2,9062.05,13
13459,1160.41,2,0,0
13461,2715.00,3,1445.00,3
13462,1002.35,4,151.50,1
13464,2422.96,5,674.68,1
13465,931.12,2,0,0
13466,705.45,4,307.90,1
13468,7088.31,35,5424.03,35
13469,82.40,1,0,0
13472,592.24,2,0,0
13473,2235.12,6,422.64,2
13474,419.75,2,226.84,1
13476,823.00,3,1238.47,2
13477,1364.59,5,1454.58,6
13478,2215.78,5,0,0
13479,550.42,2,300.95,2
13480,627.82,2,0,0
13481,2026.28,6,1804.56,5
13482,151.45,1,184.64,1
13484,476.92,2,313.80,1
13485,2560.98,10,454.24,1
13487,271.47,2,575.40,3
13488,5237.65,10,8968.31,13
13490,154.25,1,0,0
13491,3251.84,17,1215.82,10
13495,2818.44,5,1732.23,4
13497,818.78,4,348.05,2
13498,327.38,1,0,0
13500,299.53,1,1166.77,3
13501,1544.79,2,1340.32,1
13502,488.50,2,292.00,3
13503,1561.19,4,216.85,1
13506,879.56,3,458.52,2
13508,176.08,1,110.97,1
13509,135.00,1,866.62,5
13510,2766.73,7,1449.70,3
13511,282.76,1,0,0
13512,462.18,3,251.21,1
13513,619.49,2,205.10,1
13514,663.70,3,152.20,1
13515,374.70,2,891.12,4
13516,295.85,1,1389.41,3
13519,220.46,1,122.75,1
13520,2461.65,5,2984.35,6
13523,569.69,1,3964.88,5
13526,1182.00,2,0,0
13527,2298.93,5,2242.36,7
13530,402.98,1,0,0
13531,949.27,4,483.80,2
13534,1850.82,10,5512.88,24
13535,89.50,1,0,0
13537,717.85,2,0,0
13538,1822.28,5,1280.85,7
13539,938.02,4,631.34,3
13540,632.39,3,0,0
13541,785.25,2,0,0
13542,3959.49,17,0,0
13543,1439.61,2,0,0
13544,514.14,4,276.06,2
13545,364.93,2,0,0
13546,465.15,2,621.09,3
13547,164.53,1,0,0
13548,223.28,1,678.16,2
13549,87.60,1,918.20,7
13550,342.55,1,0,0
13551,152.40,1,91.80,1
13552,3208.85,10,3740.07,12
13553,499.60,1,0,0
13554,1629.35,7,0,0
13555,4792.96,9,4098.88,4
13556,200.82,2,0,0
13557,2448.20,11,584.06,2
13559,990.00,2,0,0
13561,1661.54,10,141.86,1
13562,3038.85,5,1799.33,3
13564,14706.19,34,1174.03,2
13565,174.58,1,240.22,2
13566,827.91,3,856.84,2
13567,1079.29,4,0,0
13569,387.92,2,337.12,2
13571,2448.32,14,2088.94,12
13573,612.82,4,290.25,2
13574,404.45,1,0,0
13576,4485.25,10,6717.34,18
13577,1796.68,7,1687.60,4
13578,147.66,1,0,0
13579,907.30,3,467.04,2
13580,107.75,1,0,0
13581,162.53,1,118.00,1
13582,241.68,2,0,0
13583,664.00,1,781.03,1
13584,243.30,2,142.40,1
13585,684.54,3,0,0
13586,127.28,1,0,0
13587,961.10,3,712.40,1
13589,741.09,4,379.65,2
13590,4354.12,12,1981.92,6
13591,976.81,4,1117.13,3
13593,3481.41,9,2011.88,5
13594,136.35,1,396.97,1
13595,784.48,3,0,0
13597,396.71,2,0,0
13598,601.92,4,160.04,1
13599,4661.12,12,4830.24,19
13600,298.90,1,219.52,1
13601,466.67,2,693.32,2
13602,596.28,3,428.89,1
13604,717.62,1,0,0
13605,522.67,2,0,0
13607,400.30,1,675.51,1
13608,232.05,1,0,0
13609,167.35,1,0,0
13610,1020.13,7,1082.33,7
13611,2143.53,7,1154.40,3
13612,818.29,1,0,0
13613,1039.85,5,0,0
13614,747.28,2,1585.46,4
13615,5854.84,7,417.69,1
13616,283.85,2,0,0
13617,734.57,5,544.18,3
13619,223.44,2,0,0
13620,112.34,1,0,0
13622,658.95,1,0,0
13623,1805.32,5,727.74,5
13624,462.08,1,0,0
13625,301.26,1,0,0
13626,449.81,1,257.23,1
13627,607.43,2,1638.47,5
13628,310.14,1,0,0
13629,5578.50,8,7792.36,11
13632,1526.88,3,2118.93,5
13634,3440.72,10,1547.36,5
13635,1928.13,3,1071.03,1
13639,312.93,1,1033.34,1
13640,405.00,1,0,0
13641,942.37,4,0,0
13642,159.92,3,312.28,1
13643,1637.33,7,519.44,3
13646,326.25,2,0,0
13647,1393.56,4,1648.12,4
13648,1759.07,8,0,0
13649,1107.08,4,346.60,2
13650,1451.66,4,1836.34,6
13651,132.65,1,79.20,1
13652,1166.97,2,1095.08,3
13653,152.20,1,0,0
13654,3600.67,5,2707.33,6
13655,1347.54,4,932.97,2
13656,699.20,2,379.65,2
13658,3386.33,4,2639.17,5
13659,3321.68,10,1563.00,2
13660,306.64,1,0,0
13661,325.24,1,0,0
13662,1352.35,8,881.26,3
13663,1858.04,4,189.47,1
13665,1711.66,3,0,0
13666,42.40,2,84.65,3
13668,6638.65,14,5976.81,20
13669,195.00,1,218.55,2
13671,172.60,1,0,0
13672,233.53,1,186.39,2
13674,240.68,1,0,0
13676,243.90,2,0,0
13677,551.24,2,0,0
13679,281.26,3,0,0
13680,7700.55,8,3084.04,3
13683,258.60,1,0,0
13684,529.75,3,65.13,1
13686,337.04,2,72.00,1
13687,11880.84,1,0,0
13688,375.50,1,0,0
13689,349.50,1,910.00,1
13691,210.78,1,0,0
13692,1626.08,2,1488.32,3
13693,2011.82,9,0,0
13694,130601.07,93,61908.46,47
13695,266.60,1,2504.13,15
13696,2020.40,3,0,0
13698,451.73,2,0,0
13699,455.57,1,308.58,1
13700,348.34,3,2248.63,10
13701,161.00,1,0,0
13702,135.18,1,0,0
13703,326.06,1,99.50,1
13705,1005.33,4,522.68,2
13706,300.38,1,330.79,1
13707,2559.45,3,806.41,2
13709,1263.70,5,5779.34,11
13710,329.04,2,180.48,1
13711,1540.20,7,252.06,2
13712,537.58,1,228.84,1
13713,740.76,3,0,0
13714,161.35,1,0,0
13715,7075.65,12,1077.39,5
13717,318.29,2,1445.01,6
13719,1740.42,6,1041.68,5
13721,217.40,1,524.14,1
13722,3260.00,7,2375.41,3
13723,994.23,5,199.85,1
13724,213.01,1,0,0
13727,740.67,6,333.48,2
13728,1839.03,10,1016.14,6
13729,724.73,3,0,0
13733,487.03,2,0,0
13734,6695.69,4,0,0
13735,6879.23,9,2883.54,4
13736,2022.67,5,357.53,1
13738,434.78,1,0,0
13739,75.30,1,216.90,1
13740,1232.02,4,350.75,1
13745,477.32,1,300.04,1
13746,176.69,1,0,0
13747,90.20,1,79.60,1
13748,1116.10,4,948.25,5
13750,1954.92,6,1647.26,5
13752,404.45,1,1175.38,6
13753,1353.31,3,741.26,1
13754,164.45,1,282.60,2
13756,3466.43,9,4343.12,12
13757,195.55,1,0,0
13758,5404.74,7,3190.55,7
13760,1076.85,3,286.79,2
13761,881.52,4,1070.65,2
13762,2165.76,4,306.72,1
13763,3502.48,2,1714.96,1
13764,1392.25,3,1516.42,3
13765,352.82,1,0,0
13766,190.35,1,0,0
13767,16683.21,36,16334.38,36
13768,875.97,2,0,0
13769,2681.61,10,2478.59,9
13770,785.37,4,0,0
13771,3094.37,5,2634.45,4
13772,1977.39,5,1122.63,3
13773,301.54,2,0,0
13775,1049.66,1,0,0
13777,23661.10,28,23460.41,30
13778,945.79,3,178.70,1
13779,161.13,1,0,0
13780,372.06,1,116.28,1
13781,650.99,2,127.84,1
13782,877.22,7,908.86,6
13783,1542.09,4,0,0
13784,447.44,3,2462.79,11
13785,542.49,4,0,0
13786,2897.59,5,230.40,1
13787,913.46,4,309.04,2
13788,3.75,1,0,0
13789,239.46,1,0,0
13792,188.40,1,195.55,2
13793,96.00,1,0,0
13794,126.03,1,0,0
13795,836.30,4,0,0
13796,289.70,1,0,0
13797,1179.45,3,0,0
13798,38275.02,53,35316.61,54
13799,2114.71,7,688.86,2
13800,1121.24,2,558.32,1
13802,21659.69,16,4599.42,3
13803,1061.84,2,277.07,1
13804,572.73,2,2588.39,7
13807,309.60,2,112.60,1
13809,524.65,2,155.05,1
13813,1218.61,4,1168.86,4
13814,678.20,1,1579.12,2
13815,3070.38,4,3667.36,4
13818,61.28,1,0,0
13819,1502.00,3,1140.35,3
13820,652.75,3,0,0
13821,993.44,4,385.64,2
13823,2445.79,5,957.66,2
13824,1615.82,7,1698.94,5
13825,255.59,2,0,0
13829,102.00,1,0,0
13830,156.85,1,0,0
13831,4387.09,12,2198.45,6
13832,557.69,1,52.20,1
13833,316.56,1,383.85,1
13834,324.19,2,0,0
13835,260.70,3,834.57,4
13836,620.37,2,0,0
13838,1015.25,6,467.54,3
13839,139.95,1,0,0
13840,651.40,1,0,0
13842,1933.72,9,3385.62,9
13843,319.75,1,0,0
13846,442.73,1,865.06,3
13847,310.72,1,0,0
13848,1760.00,5,1255.00,3
13849,1931.35,3,1537.95,2
13851,1955.00,5,2651.46,3
13852,187.35,1,0,0
13854,3835.04,14,7807.24,24
13855,1310.34,4,0,0
13856,753.53,8,388.50,3
13857,1000.91,6,0,0
13859,314.70,1,201.16,1
13861,273.26,2,0,0
13862,346.73,1,2209.36,8
13863,933.77,3,305.78,1
13864,662.40,1,0,0
13869,4913.22,6,3083.65,4
13870,2941.14,7,2618.19,7
13871,1482.60,4,6403.25,13
13872,919.57,3,0,0
13873,649.32,5,389.60,3
13874,1508.70,6,540.45,1
13875,3027.58,9,1786.79,5
13877,332.44,2,117.24,1
13878,1145.33,3,1271.57,1
13879,395.50,1,0,0
13880,1074.09,4,3219.77,13
13881,28019.58,23,16590.40,19
13883,3860.89,9,2674.48,5
13884,1037.43,5,540.50,4
13888,1405.92,5,595.67,2
13889,1574.33,5,416.90,1
13890,1043.57,4,1367.61,7
13891,859.21,3,0,0
13892,634.68,2,632.97,4
13895,1415.45,2,2593.07,4
13896,388.55,1,0,0
13897,849.56,2,311.16,1
13898,530.47,1,155.93,1
13900,869.64,3,740.95,3
13901,2809.14,10,2867.20,5
13902,34023.26,5,0,0
13903,165.45,1,0,0
13905,312.65,1,0,0
13906,42.00,1,0,0
13907,136.80,1,0,0
13909,282.85,2,0,0
13911,1654.08,11,2580.91,9
13912,124.95,1,0,0
13913,42.22,1,0,0
13915,70.80,1,0,0
13916,1275.81,4,0,0
13919,903.87,2,348.81,2
13920,1774.68,4,0,0
13921,730.70,4,0,0
13922,692.95,2,172.25,1
13927,359.27,1,348.99,1
13929,2651.45,9,842.65,2
13931,4019.85,9,1237.53,2
13935,6116.92,3,0,0
13936,563.08,2,376.58,1
13937,721.28,1,158.85,1
13939,992.41,4,568.55,3
13941,4914.22,10,5112.96,5
13942,320.00,1,0,0
13943,246.54,1,0,0
13944,200.43,1,0,0
13945,854.15,2,0,0
13946,1314.66,3,561.57,3
13948,446.76,3,102.00,1
13952,9572.45,12,3251.07,2
13953,3125.00,5,3104.36,6
13955,221.11,1,322.96,2
13957,458.25,3,0,0
13958,4709.23,8,0,0
13959,470.73,3,594.04,3
13961,538.40,1,0,0
13962,193.25,1,169.55,2
13963,2196.03,13,664.54,4
13964,438.90,2,0,0
13965,996.61,3,0,0
13966,384.26,1,0,0
13967,85.60,1,80.70,1
13968,123.66,1,0,0
13969,3949.29,17,7882.27,16
13970,846.55,2,0,0
13971,1909.31,6,2758.26,8
13974,264.13,1,413.59,1
13975,2795.16,6,2461.24,6
13976,834.38,3,357.98,1
13977,519.81,1,0,0
13979,2503.76,6,869.87,1
13980,568.68,4,200.14,1
13981,331.14,1,0,0
13982,2082.48,5,1871.81,4
13983,4150.46,9,2603.43,12
13984,973.29,7,920.51,5
13985,2960.73,7,6912.57,14
13987,682.54,2,0,0
13988,609.84,2,4147.96,6
13989,759.98,3,1266.08,2
13992,142.70,2,76.80,1
13993,3309.35,10,3466.36,9
13995,2508.32,9,1393.69,5
13996,845.76,2,0,0
13997,376.46,3,0,0
13998,566.70,3,0,0
13999,5600.45,17,3901.81,12
14000,1410.68,4,635.66,1
14001,2185.77,6,2043.08,3
14003,209.41,1,0,0
14004,1675.81,4,4582.64,7
14006,1234.48,4,962.19,3
14007,79.48,1,0,0
14008,509.04,1,0,0
14009,404.30,1,695.61,2
14010,445.15,2,0,0
14011,457.82,2,0,0
14013,611.55,2,473.02,3
14014,1443.03,2,505.18,1
14016,7012.20,7,4291.21,4
14017,229.75,1,0,0
14018,367.15,1,0,0
14020,606.21,2,642.80,2
14021,1084.68,4,631.90,3
14022,352.15,1,440.00,1
14024,318.04,1,327.70,2
14025,4057.90,8,0,0
14026,713.11,2,0,0
14028,10396.50,3,0,0
14030,5162.96,12,2358.84,8
14031,21732.65,25,16779.74,18
14032,1570.82,5,2792.47,10
14033,109.44,1,0,0
14035,1366.73,4,1428.02,5
14037,689.75,4,147.20,2
14038,1509.50,2,1560.38,3
14039,115.08,1,152.20,1
14040,8963.49,23,3560.32,12
14042,431.98,1,0,0
14043,302.60,2,0,0
14044,2427.53,6,646.42,4
14045,9326.88,12,1659.75,4
14047,2659.50,9,957.46,4
14048,338.76,2,409.93,1
14049,7444.68,9,5578.72,4
14051,6160.59,14,13647.19,21
14052,241.30,1,225.36,1
14053,312.05,2,260.25,2
14055,795.32,2,725.64,1
14057,2135.00,5,6211.66,17
14058,469.19,2,0,0
14060,2757.82,11,5842.94,18
14061,917.43,3,0,0
14062,15120.80,12,10464.85,12
14063,9471.50,7,0,0
14064,1925.90,10,1334.34,5
14065,891.02,3,0,0
14068,1250.87,3,265.85,1
14069,225.81,2,0,0
14070,321.60,1,0,0
14072,390.85,1,0,0
14074,219.40,1,0,0
14075,782.61,2,625.48,2
14077,115.66,1,499.42,5
14078,502.45,3,1049.37,6
14080,1070.08,4,45.60,1
14081,3945.95,8,921.62,2
14082,231.11,1,182.25,1
14083,79.29,2,533.39,7
14084,150.50,1,0,0
14085,5284.38,14,3790.30,15
14086,39.95,1,0,0
14087,638.00,2,0,0
14088,13544.99,3,50491.81,13
14091,9530.08,2,0,0
14092,3152.54,10,3722.45,12
14094,311.77,1,0,0
14095,2.95,1,0,0
14097,422.86,2,0,0
14099,2646.74,9,3104.17,11
14101,3985.14,7,5976.79,6
14104,524.32,3,216.21,2
14105,4722.60,4,1266.23,1
14106,214.80,1,0,0
14107,2174.07,4,2703.23,7
14108,447.05,2,597.91,2
14110,7304.80,21,5357.71,11
14112,2919.44,6,2915.15,7
14113,5252.19,12,1368.52,3
14114,977.56,5,386.53,2
14115,622.67,2,0,0
14118,458.45,1,0,0
14119,183.37,2,0,0
14122,362.42,3,0,0
14123,436.18,1,0,0
14126,466.33,1,643.63,2
14127,1190.37,3,709.71,3
14128,286.71,1,637.50,2
14129,1467.48,4,971.28,4
14130,1377.86,3,480.91,1
14131,168.22,1,0,0
14133,305.50,1,605.64,3
14134,11123.35,15,0,0
14135,4149.36,9,4247.41,13
14136,1570.81,5,0,0
14137,332.70,1,0,0
14139,670.98,3,415.82,1
14142,359.53,1,311.81,1
14144,30.60,1,0,0
14145,3857.85,3,3742.20,4
14146,5259.30,7,2965.84,4
14147,2106.80,7,483.40,2
14148,309.09,1,157.20,1
14151,679.45,2,0,0
14152,1376.05,5,621.29,2
14153,233.40,1,0,0
14154,5115.08,6,1345.62,2
14156,186509.80,90,116560.08,54
14157,553.80,3,424.89,2
14159,3221.60,9,4627.98,11
14160,8421.47,7,0,0
14161,1899.31,4,1097.62,3
14163,148.71,1,2445.91,4
14166,251.15,2,0,0
14167,711.70,4,562.59,4
14168,370.45,2,0,0
14169,613.11,2,0,0
14170,570.18,3,0,0
14171,135.00,1,363.79,1
14172,369.02,3,0,0
14173,135.16,2,450.84,4
14175,4456.58,5,3222.30,3
14176,179.56,1,576.90,4
14177,1660.23,9,549.46,4
14180,1368.98,8,4748.52,25
14181,308.35,2,0,0
14182,678.77,4,0,0
14183,278.34,2,0,0
14186,1550.63,5,0,0
14187,123.50,1,0,0
14189,849.07,1,4352.52,14
14190,79.90,1,0,0
14191,132.90,2,4258.64,12
14192,293.74,1,0,0
14193,356.80,1,853.39,2
14194,7321.07,15,10865.42,20
14195,1603.60,4,1012.00,2
14197,390.05,1,0,0
14198,868.33,5,701.40,4
14199,906.30,3,185.40,1
14200,379.20,1,0,0
14201,446.10,3,747.44,7
14202,847.76,3,0,0
14203,339.34,1,0,0
14204,874.22,3,0,0
14205,1947.50,7,466.70,2
14206,856.85,2,328.16,1
14207,157.80,1,0,0
14208,415.31,1,151.74,1
14209,2919.84,9,2073.43,6
14210,3650.73,10,1905.84,6
14211,2161.19,9,2241.10,9
14212,1119.66,1,1070.48,1
14213,1192.20,1,0,0
14215,1460.61,3,1789.72,6
14216,310.74,1,1252.74,2
14217,1293.61,6,1910.50,16
14219,543.89,2,0,0
14220,882.60,2,632.40,2
14221,3084.69,8,3432.80,9
14224,831.98,5,1009.73,4
14225,2031.07,4,0,0
14226,770.34,1,2214.79,5
14227,3015.20,5,3350.96,10
14228,745.50,3,0,0
14229,1046.84,4,1547.20,3
14230,979.80,3,0,0
14231,309.91,1,925.71,3
14233,1441.55,3,1462.72,4
14235,1573.13,4,3144.86,5
14236,1064.48,3,490.86,2
14237,310.14,1,161.00,1
14238,287.38,2,146.85,1
14239,1882.32,10,2380.85,11
14240,357.15,1,890.34,2
14241,120.00,1,213.70,1
14243,4628.98,7,2481.35,9
14244,366.42,1,0,0
14247,616.79,4,136.77,1
14248,730.37,2,302.58,1
14249,5400.46,12,0,0
14252,350.99,1,0,0
14253,363.40,2,0,0
14254,601.03,1,0,0
14256,1491.73,3,969.06,2
14257,2854.73,4,3099.72,5
14258,19381.36,16,12669.98,9
14260,824.28,3,0,0
14263,322.93,1,0,0
14264,1183.39,4,333.97,2
14265,843.17,2,530.18,2
14266,40.56,1,0,0
14268,354.85,1,0,0
14269,295.73,1,0,0
14271,101.86,1,112.32,1
14272,482.85,2,437.96,2
14274,256.60,1,0,0
14275,1189.38,6,0,0
14276,982.94,4,1119.74,3
14277,12637.16,5,4152.00,3
14278,205.83,1,0,0
14279,191.86,2,0,0
14281,245.15,1,0,0
14282,3549.32,10,3343.74,13
14283,628.44,4,0,0
14284,704.40,1,595.25,2
14285,1374.41,4,1910.01,4
14286,3851.01,4,4628.75,3
14290,2201.91,3,2314.65,5
14291,4020.85,12,3325.56,9
14292,4354.32,7,4458.61,7
14293,1856.45,5,739.41,3
14294,375.34,1,0,0
14295,2186.71,3,166.20,1
14296,456.40,2,0,0
14298,39667.19,38,50889.70,43
14299,10104.63,18,3676.10,8
14301,1352.04,3,640.14,1
14302,742.90,3,0,0
14303,277.94,2,0,0
14304,1341.56,2,383.45,1
14306,1058.08,4,2093.32,2
14307,1292.20,4,2995.72,6
14309,1428.28,2,1962.66,8
14310,492.10,1,0,0
14311,206.19,1,310.26,1
14312,1478.70,5,1611.59,6
14314,109.80,1,120.00,1
14315,716.69,2,2481.13,6
14316,1370.34,5,0,0
14318,158.02,1,0,0
14319,494.85,1,0,0
14320,868.96,3,477.79,2
14321,687.31,2,1530.75,5
14322,474.10,4,0,0
14324,701.61,2,0,0
14325,245.48,1,0,0
14326,757.13,2,183.85,1
14327,1583.28,5,311.65,1
14329,4912.38,8,4975.24,7
14330,200.63,1,0,0
14332,1077.20,2,840.21,3
14334,1766.27,4,2552.21,8
14338,339.88,1,588.22,2
14339,310.75,1,309.52,1
14341,2285.04,10,2166.98,8
14342,249.88,2,668.56,4
14343,1079.66,4,0,0
14344,2103.12,12,889.93,8
14346,1294.17,3,1021.58,2
14347,82.60,1,0,0
14350,689.10,2,282.93,1
14353,285.90,2,90.60,1
14355,665.65,2,174.40,1
14358,400.06,2,0,0
14361,214.71,1,0,0
14363,227.47,2,0,0
14365,634.68,2,0,0
14366,136.00,1,0,0
14369,469.13,2,0,0
14370,1175.78,6,0,0
14372,860.08,2,0,0
14374,108.00,1,0,0
14375,871.26,2,235.56,1
14376,215.46,1,0,0
14378,131.25,1,0,0
14379,917.06,2,348.10,2
14381,423.26,1,202.68,1
14382,578.14,1,615.49,1
14384,58.50,1,0,0
14388,3175.36,8,3212.84,8
14389,854.55,3,1043.46,2
14390,1507.46,4,4642.57,9
14391,135.60,1,0,0
14392,266.40,1,0,0
14394,93.80,1,0,0
14395,4322.02,11,2920.92,8
14396,1481.39,5,487.99,2
14398,707.79,2,0,0
14399,2108.21,8,0,0
14400,1157.77,2,574.70,1
14401,2744.42,9,3697.70,12
14402,285.60,1,0,0
14403,404.70,2,1475.81,4
14404,1274.81,7,1449.32,6
14405,195.00,1,0,0
14408,1503.24,4,2599.03,7
14409,1367.84,3,2059.45,6
14410,1531.63,2,1099.27,9
14412,656.16,1,770.03,2
14413,300.67,2,121.05,1
14414,902.35,1,1496.98,7
14415,6124.52,10,4764.62,12
14417,524.65,1,0,0
14419,202.85,1,1051.79,6
14420,1251.65,3,387.52,1
14421,1656.26,4,813.11,2
14422,6007.88,13,3881.63,5
14423,651.41,2,265.20,1
14425,661.39,3,0,0
14426,7246.27,7,4481.67,10
14427,900.18,2,363.34,2
14429,516.28,1,0,0
14430,1220.90,3,0,0
14431,2143.84,3,470.36,1
14433,280.70,1,0,0
14435,90.42,1,0,0
14436,182.64,1,89.06,1
14437,810.34,4,63.00,1
14439,6781.80,4,2661.24,1
14440,3624.35,8,1740.43,4
14441,2898.80,7,1407.19,3
14442,3777.20,5,1589.82,2
14443,662.77,1,1420.20,4
14444,120.44,1,0,0
14445,221.65,1,0,0
14446,189.93,1,818.72,3
14447,548.50,1,1163.23,5
14449,1345.16,4,885.80,4
14450,645.19,4,483.25,3
14451,2614.78,10,643.90,2
14452,399.90,2,259.05,2
14454,977.30,5,0,0
14455,617.72,4,0,0
14458,219.27,1,0,0
14459,3537.82,1,1837.92,1
14460,659.16,6,434.34,3
14461,4573.85,10,2102.67,3
14462,262.24,1,1975.57,11
14463,256.95,1,529.62,3
14464,111.00,2,0,0
14465,2887.41,8,1038.44,3
14466,1994.75,6,2272.40,7
14467,1606.98,8,596.26,4
14468,204.24,1,0,0
14469,2093.46,4,0,0
14470,250.85,1,461.19,2
14471,400.95,2,0,0
14472,266.05,1,1852.67,8
14474,711.23,1,547.66,1
14475,225.30,1,925.85,3
14477,660.00,3,1309.60,4
14478,1276.66,4,0,0
14479,808.46,2,316.25,2
14480,1020.47,3,279.05,1
14481,1648.18,3,636.51,2
14482,2283.91,6,2022.81,6
14483,120.00,1,137.10,1
14484,749.06,3,321.92,1
14486,175.50,2,0,0
14487,100.79,1,1165.48,6
14489,1111.55,3,463.38,1
14490,1273.47,2,0,0
14492,1921.91,7,0,0
14493,2704.62,5,1867.54,4
14494,261.90,2,139.56,1
14495,51.00,1,123.80,2
14496,1825.08,5,538.81,2
14497,221.69,1,475.37,1
14498,1943.51,5,1957.32,5
14499,1293.35,4,808.44,3
14505,6013.65,11,5859.43,8
14506,999.60,2,1960.65,5
14507,1848.86,5,1367.88,6
14508,554.87,3,268.05,2
14509,110.95,1,0,0
14510,979.85,3,0,0
14512,940.69,5,275.28,2
14513,332.42,3,455.59,3
14514,3389.84,6,990.20,3
14515,1647.17,6,2076.89,6
14516,151.17,1,0,0
14519,203.14,2,0,0
14521,199.45,1,0,0
14522,773.88,4,974.54,4
14524,1066.03,4,1843.83,9
14525,3802.69,8,4215.90,9
14526,258.65,1,0,0
14527,18684.97,66,7874.18,53
14530,3226.76,10,2862.11,6
14531,376.34,1,0,0
14532,2912.93,7,932.85,4
14533,1516.65,4,1949.72,7
14534,1787.41,8,4264.83,17
14535,3107.05,6,2854.84,3
14537,285.84,1,355.56,1
14538,982.59,3,388.25,2
14540,2756.98,8,952.66,3
14541,1038.03,6,1453.35,8
14543,10988.14,23,3560.08,16
14544,934.23,1,2004.30,2
14545,349.25,1,0,0
14546,2610.91,6,2078.10,4
14548,1888.49,7,652.80,2
14549,624.36,3,289.24,1
14550,587.69,2,757.37,2
14551,691.86,5,186.23,2
14552,343.71,2,164.22,1
14553,959.33,4,859.27,5
14555,1991.49,4,312.54,2
14556,815.69,3,0,0
14558,655.50,3,0,0
14559,75.60,1,0,0
14560,3876.26,22,2196.97,21
14562,1631.38,8,4683.45,16
14563,625.42,2,0,0
14564,2605.62,2,0,0
14565,760.10,1,2949.12,4
14566,2660.00,3,1432.00,1
14568,919.70,1,0,0
14569,369.94,3,0,0
14570,295.19,1,217.21,2
14571,160.00,1,0,0
14572,2716.44,4,2669.49,6
14573,523.30,4,1639.82,9
14574,143.70,1,0,0
14575,420.22,1,0,0
14577,504.44,3,859.71,4
14579,105.56,1,0,0
14580,14.85,1,0,0
14581,271.05,1,138.60,1
14583,673.33,3,741.72,4
14584,705.10,4,1033.06,4
14585,986.22,4,157.05,1
14588,135.39,1,0,0
14590,2993.37,20,0,0
14593,3040.88,9,617.15,3
14595,423.85,2,1740.60,6
14596,222.22,1,0,0
14597,1318.39,4,866.24,2
14598,162.07,1,221.97,1
14599,457.89,2,0,0
14600,471.84,1,393.33,1
14602,205.36,1,0,0
14604,136.36,1,0,0
14605,920.71,4,0,0
14606,17722.60,94,11584.31,88
14607,7553.63,8,15021.50,12
14608,1557.79,6,1277.60,3
14609,884.64,6,601.56,4
14610,24.35,2,0,0
14611,604.33,2,0,0
14612,877.70,1,0,0
14613,76.32,1,0,0
14614,295.13,1,0,0
14615,951.76,5,0,0
14616,121.70,2,406.08,3
14617,190.47,2,0,0
14618,788.88,4,553.44,3
14619,896.80,1,394.44,1
14621,1212.21,4,1485.50,4
14623,1130.28,5,882.02,5
14624,588.22,4,225.85,2
14625,3598.25,9,899.63,2
14626,2619.65,7,2791.27,4
14627,462.75,1,0,0
14628,1326.04,3,671.96,2
14630,338.65,1,0,0
14631,1018.71,3,1006.98,3
14634,2124.46,4,0,0
14635,215.22,1,0,0
14637,106.68,1,0,0
14639,1994.47,3,2984.49,6
14640,1541.98,4,2107.38,6
14643,986.08,3,693.81,2
14644,1416.96,5,830.76,2
14645,279.80,1,597.09,2
14646,247613.50,73,267410.00,69
14647,270.00,1,236.04,1
14648,4463.39,15,0,0
14649,2248.60,5,895.18,3
14650,62.50,1,0,0
14651,1371.77,7,653.75,2
14653,1488.10,4,1513.67,6
14654,246.86,1,0,0
14655,1946.28,3,1569.32,3
14656,498.95,3,291.05,2
14657,601.97,2,848.22,4
14662,635.06,3,741.37,4
14663,490.60,2,0,0
14665,913.95,2,1835.70,5
14667,11188.80,29,9170.79,25
14668,111.63,1,0,0
14669,1957.54,4,1259.24,3
14670,190.47,1,392.86,2
14671,1127.45,2,0,0
14672,347.59,2,765.55,2
14673,1300.92,2,1369.63,4
14674,173.66,1,0,0
14675,419.22,1,596.36,1
14676,5808.55,6,2548.24,6
14677,184.91,1,0,0
14678,403.39,1,0,0
14679,1289.44,3,0,0
14680,26934.39,42,28754.11,16
14681,376.20,3,498.95,3
14682,1462.81,4,52.00,2
14683,146.56,1,0,0
14684,228.52,1,1201.51,5
14685,4536.64,8,0,0
14686,852.53,5,0,0
14687,773.68,2,628.38,1
14688,1611.32,7,4949.83,19
14690,422.63,2,355.05,2
14692,1123.59,8,591.55,4
14693,992.46,6,172.90,1
14694,244.31,1,0,0
14695,1534.22,3,0,0
14696,394.33,1,1778.41,6
14699,593.47,3,109.13,1
14700,880.96,2,2195.10,3
14701,1961.02,6,2526.09,9
14702,3105.19,12,2926.11,15
14704,258.96,2,1461.62,7
14706,367.54,1,0,0
14707,139.20,2,0,0
14708,666.85,2,701.18,2
14709,3965.29,12,4921.04,13
14710,1300.31,9,599.48,4
14712,411.00,1,917.07,3
14713,2453.16,10,2662.20,11
14714,746.05,3,160.19,1
14715,942.17,4,867.38,4
14716,235.77,1,307.51,2
14717,81.30,1,0,0
14718,226.42,1,0,0
14721,109.07,1,0,0
14722,309.10,2,180.42,1
14723,680.70,5,1120.66,6
14724,341.90,1,0,0
14725,591.28,3,655.58,1
14726,116.50,1,0,0
14727,192.45,2,268.58,1
14728,190.58,1,0,0
14729,272.75,2,313.49,1
14732,2814.58,11,2238.38,7
14733,4749.24,3,9585.91,12
14734,1056.42,4,0,0
14735,6174.47,24,5493.25,30
14736,374.05,2,0,0
14737,2389.62,1,1081.75,2
14738,507.45,2,1314.45,7
14739,7671.34,18,3367.32,6
14740,2712.85,8,1448.21,3
14741,312.75,1,1400.34,6
14742,579.85,1,0,0
14743,50.48,1,0,0
14744,2560.10,7,1099.98,7
14745,1331.15,7,1220.26,5
14746,593.50,4,0,0
14748,1266.15,5,1415.75,5
14749,310.15,1,0,0
14750,112.03,1,0,0
14751,126.45,2,0,0
14753,306.36,1,563.15,1
14754,909.88,4,638.05,2
14755,4962.27,14,5010.28,11
14756,1864.80,2,738.96,1
14758,1380.91,3,1484.06,4
14761,192.02,1,255.90,2
14762,117.05,1,300.52,1
14766,3902.36,5,2050.85,5
14767,382.81,1,0,0
14769,5097.13,9,10073.36,7
14770,2761.22,6,876.42,2
14771,594.62,2,0,0
14773,140.55,1,0,0
14774,241.45,1,0,0
14776,1170.00,4,2538.30,11
14777,307.56,1,0,0
14783,307.30,1,0,0
14784,159.94,1,289.99,2
14786,90.96,1,0,0
14787,110.65,1,0,0
14788,476.88,1,368.45,1
14790,1781.56,6,745.06,4
14791,303.63,1,0,0
14793,396.91,1,228.99,1
14794,633.99,3,1115.05,6
14796,2193.84,10,7578.15,16
14797,300.31,1,0,0
14798,550.57,5,173.74,3
14799,180.45,1,157.70,1
14800,2848.29,5,4331.79,12
14805,536.15,3,546.40,4
14806,110.04,1,193.39,1
14807,504.14,2,0,0
14809,686.76,2,0,0
14810,268.70,2,2085.33,11
14811,170.50,1,0,0
14812,178.85,1,0,0
14813,736.03,2,152.88,2
14814,152.96,1,0,0
14817,2599.52,5,1010.34,2
14818,495.76,3,657.80,3
14819,184.34,2,272.07,2
14820,767.47,5,507.29,4
14821,1181.35,6,48.80,1
14822,157.70,1,0,0
14824,2895.20,6,1127.71,4
14825,2514.07,12,2119.92,11
14826,385.20,2,0,0
14828,7699.70,10,2139.76,3
14829,758.32,3,697.55,4
14831,1676.57,3,0,0
14833,94.80,1,0,0
14834,485.86,1,1720.30,6
14835,297.00,2,0,0
14837,1810.82,5,1649.50,4
14838,769.92,2,0,0
14839,915.28,3,0,0
14840,299.86,1,62.85,1
14841,3867.24,8,3295.76,6
14843,211.80,1,0,0
14844,3512.62,6,3189.81,4
14845,150.00,1,0,0
14846,437.40,1,0,0
14847,1039.55,2,309.40,1
14848,310.56,1,0,0
14849,7477.07,18,7930.54,25
14850,1445.21,6,325.75,1
14851,318.06,1,511.35,2
14852,3295.74,12,2836.69,6
14853,901.07,3,475.80,2
14854,1563.03,4,2740.03,7
14855,5874.65,5,645.65,2
14857,2478.73,5,1173.12,2
14858,180.75,1,0,0
14859,351.90,1,1353.74,4
14861,1254.94,9,125.79,1
14865,40.32,2,37.20,1
14866,6346.64,6,14353.40,11
14867,2241.78,13,710.28,3
14868,1230.42,4,2563.50,7
14869,2056.69,4,387.06,1
14870,1511.70,5,327.25,1
14871,726.89,5,335.30,3
14872,816.60,3,0,0
14873,334.45,1,519.68,1
14874,116.18,1,0,0
14875,1397.08,1,1465.32,2
14876,256.70,2,0,0
14877,425.85,2,0,0
14878,2600.41,16,1476.09,9
14879,185.06,1,0,0
14882,2956.95,12,589.70,2
14884,120.60,1,0,0
14885,832.80,2,765.32,1
14890,691.60,2,125.65,1
14891,552.35,2,554.38,2
14892,202.35,1,0,0
14893,571.76,1,1237.85,2
14894,837.06,2,655.75,1
14895,13980.83,18,10213.09,17
14896,1357.23,6,468.77,2
14897,1774.16,4,746.32,3
14898,2096.64,8,1269.31,6
14899,1331.38,1,0,0
14900,13.92,1,0,0
14901,497.71,3,1421.29,9
14902,702.96,2,332.66,1
14904,605.05,2,396.96,1
14905,1355.24,6,616.15,2
14907,2046.62,9,3024.74,6
14908,104.10,1,277.80,1
14909,1404.68,3,0,0
14911,136090.96,175,129332.91,189
14912,981.73,3,867.85,2
14913,2845.70,4,1227.43,4
14915,1503.77,9,307.48,2
14916,1773.97,4,1268.98,4
14917,1123.75,2,0,0
14918,4345.66,7,1610.15,2
14919,359.35,1,0,0
14920,629.40,1,977.77,2
14922,843.74,2,0,0
14924,620.96,2,310.05,1
14926,359.40,2,0,0
14927,308.20,1,0,0
14928,223.91,1,0,0
14929,612.81,1,223.88,1
14930,2873.77,3,2362.96,3
14932,252.60,1,313.53,1
14933,1770.00,4,0,0
14934,1512.56,3,1890.94,2
14935,1065.12,1,1784.71,1
14936,4273.79,4,8137.02,8
14938,2322.43,2,0,0
14940,531.49,2,0,0
14941,182.10,1,0,0
14942,746.56,4,0,0
14943,107.62,1,0,0
14944,3784.42,7,5900.25,12
14945,179.40,1,0,0
14947,758.97,4,290.82,2
14949,515.00,4,0,0
14952,9529.86,21,8099.49,11
14953,683.15,3,285.67,1
14954,167.27,1,294.85,1
14955,163.77,1,0,0
14956,1325.00,1,0,0
14957,203.20,1,58.49,1
14958,458.26,3,483.73,3
14961,9365.47,13,7044.68,9
14962,240.21,3,126.70,1
14963,1651.23,7,1472.34,5
14966,881.24,5,183.02,1
14967,1518.81,5,463.80,1
14968,349.90,1,147.59,1
14969,906.23,1,0,0
14970,3327.29,8,1592.06,4
14972,30.30,1,114.77,1
14975,192.45,1,279.94,1
14977,31.93,1,0,0
14978,1190.82,5,1921.37,5
14979,429.66,1,0,0
14980,150.68,1,0,0
14981,270.80,1,102.12,1
14982,234.88,1,0,0
14983,183.20,1,0,0
14984,1058.14,4,202.37,2
14986,563.10,2,0,0
14987,1224.25,6,326.40,2
14988,1704.11,6,334.54,1
14989,342.40,1,0,0
14990,304.17,2,0,0
14991,314.67,1,0,0
14992,210.50,1,0,0
14993,36.13,1,0,0
14994,942.77,5,0,0
14996,442.29,2,0,0
14997,230.40,1,546.20,3
14998,338.31,2,414.87,2
14999,129.48,1,0,0
15001,197.11,2,0,0
15002,2496.32,5,1641.76,4
15003,1027.03,6,0,0
15005,7458.91,28,6293.67,28
15006,277.40,1,475.43,1
15008,360.00,2,0,0
15011,416.60,2,0,0
15012,241.22,1,405.04,2
15013,1610.82,10,0,0
15015,2344.47,13,0,0
15016,450.85,4,170.04,1
15020,198.47,1,0,0
15021,628.82,3,1629.80,8
15022,281.05,1,852.39,4
15023,4853.99,9,6009.87,10
15024,1922.96,6,1636.43,10
15025,609.88,1,361.96,1
15026,579.89,2,464.20,3
15027,2129.45,6,1066.15,4
15028,335.81,2,512.43,3
15029,365.10,1,0,0
15030,1461.63,6,518.28,2
15031,2449.75,10,492.61,3
15032,6050.95,5,4959.10,3
15034,3957.04,6,4274.16,8
15037,397.76,2,0,0
15038,460.79,3,685.74,6
15039,19374.89,46,19766.59,47
15040,7.49,1,0,0
15041,109.05,1,179.93,1
15042,179.52,1,135.93,1
15043,2318.32,5,537.00,1
15044,8134.28,15,7634.73,17
15046,2533.37,10,5071.47,15
15050,2349.50,2,1737.69,3
15051,2543.55,6,1383.36,3
15055,549.12,3,0,0
15056,113.65,1,0,0
15057,1766.46,3,1489.50,2
15058,1285.04,5,2102.54,11
15059,2152.68,10,1337.72,9
15061,71853.43,79,50638.28,47
15062,1597.76,4,987.86,4
15064,1154.41,4,0,0
15065,168.73,1,3158.13,4
15067,2118.12,2,1744.76,3
15068,621.54,2,553.36,2
15070,630.85,2,106.20,1
15071,473.49,2,982.07,2
15072,187.52,1,0,0
15073,1744.61,5,1043.41,3
15074,817.46,2,735.67,1
15076,566.89,2,880.85,1
15077,2428.08,2,0,0
15078,7533.62,20,8920.03,29
15079,2729.79,7,895.61,4
15080,546.25,2,0,0
15081,1349.77,7,504.80,5
15082,93.35,1,0,0
15084,965.20,2,0,0
15085,347.54,1,0,0
15086,218.53,2,0,0
15091,565.90,2,480.71,1
15092,318.65,1,457.81,2
15093,9105.36,17,4597.02,6
15094,83.00,2,0,0
15095,1771.04,6,1370.60,4
15097,660.27,2,0,0
15100,1317.90,4,876.00,3
15101,1160.41,4,102.28,1
15102,554.67,2,0,0
15105,795.98,2,2298.93,7
15107,504.85,3,319.50,6
15109,498.15,2,484.95,1
15110,509.75,2,996.10,4
15111,874.89,2,1567.48,3
15112,209.40,1,0,0
15114,639.56,2,2760.56,10
15115,191.74,1,340.11,1
15117,934.19,3,1551.78,5
15122,2853.49,8,1633.78,3
15123,2456.86,3,1069.47,1
15124,266.63,2,184.19,2
15125,5496.39,9,11528.48,15
15126,449.49,2,0,0
15127,304.97,1,406.53,1
15128,312.68,1,1471.00,4
15129,3412.78,12,3447.40,11
15131,80.28,1,0,0
15133,824.48,2,982.42,3
15134,208.30,2,1387.99,8
15135,166.63,1,139.05,1
15137,823.40,2,0,0
15138,502.52,1,0,0
15140,889.44,1,2354.25,7
15141,1388.47,7,0,0
15142,2121.18,5,498.74,1
15143,304.18,1,259.45,1
15144,5579.87,12,6054.54,16
15149,1003.81,3,520.80,1
15150,3686.61,3,5291.33,10
15151,2085.61,2,0,0
15152,518.14,1,4745.69,13
15154,1089.44,2,254.28,1
15155,383.97,1,0,0
15157,718.04,2,1505.37,2
15158,204.62,1,401.40,1
15159,3475.72,4,16806.22,27
15160,431.11,3,158.16,1
15161,119.92,1,0,0
15162,312.90,1,0,0
15164,1203.53,6,824.58,3
15166,167.16,1,0,0
15167,1468.82,4,158.80,1
15169,569.22,2,0,0
15170,81.15,1,0,0
15173,1494.60,7,0,0
15174,345.71,1,135.75,1
15176,988.04,1,0,0
15177,948.93,1,0,0
15179,5284.97,8,2206.95,5
15180,729.43,2,87.50,1
15181,510.72,2,689.48,3
15182,2376.10,9,622.85,2
15183,639.93,3,0,0
15184,283.19,2,402.20,2
15186,991.79,3,411.41,2
15188,310.43,1,0,0
15189,1298.99,5,15030.73,38
15190,834.44,1,0,0
15191,588.05,3,0,0
15192,622.07,2,1044.32,3
15194,4405.00,13,6909.89,14
15196,313.70,2,0,0
15197,797.90,3,1079.61,3
15198,377.71,3,193.64,2
15199,1853.70,6,1268.70,4
15200,549.05,1,0,0
15201,606.41,2,1236.54,5
15203,2572.38,9,1827.80,6
15207,683.92,3,0,0
15208,100.40,1,662.52,4
15209,178.98,1,0,0
15210,845.01,2,331.18,1
15212,106.48,1,101.80,1
15215,1687.49,4,734.94,3
15216,389.49,1,96.60,1
15217,426.24,1,0,0
15218,5696.94,11,5756.89,11
15219,379.70,1,305.75,1
15221,1658.95,3,403.25,1
15222,2965.91,10,585.00,1
15223,662.20,3,755.75,2
15224,549.28,3,322.08,2
15227,1269.09,4,1219.40,5
15228,2193.56,2,3386.71,4
15229,160.50,1,0,0
15231,250.26,1,0,0
15233,59.40,1,0,0
15235,525.25,4,2247.51,12
15240,2753.41,7,1706.57,5
15241,1293.72,3,1756.44,8
15242,302.04,1,0,0
15243,610.60,1,316.68,1
15244,280.51,1,631.57,2
15245,2095.00,5,2515.84,3
15246,266.25,1,514.15,2
15247,620.06,2,356.00,1
15248,1893.93,3,0,0
15249,2577.54,5,6688.46,13
15250,60.00,1,0,0
15251,9839.55,10,10484.99,11
15252,1362.63,3,740.78,2
15253,1136.89,3,918.20,5
15254,787.99,2,300.36,1
15255,2815.17,8,890.85,1
15256,71.95,1,98.45,1
15257,368.75,1,317.15,1
15259,1182.38,4,0,0
15260,6956.96,18,1810.77,7
15261,1253.18,3,254.82,1
15262,239.87,2,178.95,1
15264,454.66,1,393.74,1
15265,1839.52,2,1506.12,2
15266,732.91,4,119.30,1
15268,961.90,3,0,0
15269,816.56,2,408.80,1
15270,6145.37,14,2379.49,7
15271,2035.20,9,2301.26,14
15272,1309.01,4,721.94,2
15273,228.96,1,0,0
15276,491.17,3,128.63,1
15277,220.44,1,255.90,1
15278,496.16,4,0,0
15279,1290.03,4,290.51,1
15280,284.40,2,113.12,1
15281,6211.42,7,2332.15,9
15282,348.59,1,0,0
15283,148.33,3,0,0
15284,24.75,1,0,0
15285,94.92,1,0,0
15287,369.34,3,486.69,2
15288,1400.01,5,2306.52,5
15289,653.31,2,939.78,3
15290,2553.06,8,6405.51,15
15291,8849.46,25,4623.30,14
15293,247.50,1,0,0
15294,233.35,1,0,0
15295,207.04,1,0,0
15296,6650.17,6,3672.86,6
15298,4261.87,11,4487.68,11
15299,1649.52,3,3907.01,6
15301,1859.72,5,5049.95,12
15302,308.00,1,0,0
15303,650.16,2,574.02,1
15304,102.00,1,694.40,8
15305,93.60,1,0,0
15306,2310.38,6,1174.35,3
15309,797.96,4,0,0
15310,1634.64,1,0,0
15311,54038.67,116,59457.10,88
15312,2005.34,8,924.85,4
15314,492.48,2,327.97,1
15317,129.75,1,0,0
15321,3961.42,9,2748.31,3
15322,711.18,1,679.68,1
15323,434.60,3,0,0
15324,140.22,1,0,0
15325,1439.72,7,161.74,1
15326,1388.81,4,311.71,1
15328,107.24,1,0,0
15329,1909.13,8,1049.70,3
15331,767.91,3,0,0
15332,3231.62,2,1661.06,4
15336,240.50,1,0,0
15337,373.02,1,0,0
15338,277.93,1,0,0
15339,1246.95,5,574.07,2
15340,105.50,1,0,0
15341,382.20,1,2020.52,1
15346,343.70,2,252.42,1
15347,960.40,3,201.60,1
15350,431.95,1,115.65,1
15351,1495.56,3,1934.66,7
15352,111.15,1,0,0
15353,2024.35,5,770.12,2
15356,521.54,3,2718.03,10
15358,8078.66,20,7517.14,20
15359,181.35,8,0,0
15361,270.15,3,418.92,1
15362,613.08,2,0,0
15363,352.11,1,326.00,1
15365,2242.81,6,2314.32,7
15366,1786.57,5,602.51,2
15367,3203.74,7,1877.59,4
15368,275.80,1,446.94,1
15369,6251.26,11,0,0
15370,1352.96,1,2386.05,7
15371,59.40,1,0,0
15372,4009.66,7,2007.40,1
15373,668.63,5,2070.38,11
15374,139.32,1,168.00,1
15375,60.96,1,0,0
15377,1211.75,4,0,0
15378,246.50,2,0,0
15379,1174.55,1,3703.29,7
15380,1558.70,6,1304.96,4
15381,1293.72,3,596.85,2
15382,7777.84,6,5955.71,6
15384,1385.38,2,642.41,2
15385,625.20,2,316.88,1
15387,468.65,1,0,0
15389,2233.80,4,500.00,1
15390,1216.66,2,0,0
15391,289.87,1,0,0
15392,1376.09,3,1231.12,3
15393,659.48,3,231.86,2
15394,3103.26,7,2183.54,4
15396,508.20,1,288.18,1
15400,586.10,3,716.20,5
15401,216.95,2,0,0
15402,1203.77,4,626.35,2
15403,170.88,2,0,0
15404,257.06,1,0,0
15405,310.74,1,349.10,1
15406,465.16,2,510.71,2
15409,131.25,1,0,0
15410,1234.88,2,3450.84,8
15413,6798.72,5,0,0
15416,588.50,3,3984.32,4
15418,449.42,2,0,0
15420,743.00,6,0,0
15421,2854.98,6,950.36,4
15422,1522.27,5,97.70,2
15423,223.39,2,43.50,1
15424,214.44,1,383.34,2
15425,1941.12,4,0,0
15426,752.28,4,1404.07,5
15428,668.97,3,93.78,1
15430,954.75,2,0,0
15431,153.24,1,0,0
15432,149.57,1,171.19,1
15434,1525.58,6,890.58,4
15437,193.29,1,200.16,1
15439,1269.05,4,0,0
15441,1254.21,3,0,0
15443,1900.64,7,2838.21,6
15445,171.00,1,113.50,1
15446,396.75,3,0,0
15447,337.71,4,155.17,1
15448,294.17,1,494.64,1
15451,226.86,2,0,0
15452,1256.63,3,528.48,3
15454,124.79,1,179.10,1
15455,38.25,1,0,0
15456,1656.93,7,434.59,3
15458,208.80,1,161.64,1
15459,202.83,2,0,0
15461,429.70,2,0,0
15462,502.45,1,234.60,3
15465,4745.78,14,7354.62,18
15466,1225.93,3,334.53,1
15468,962.97,1,467.51,2
15469,335.70,1,538.55,2
15470,63.42,1,0,0
15471,837.53,2,0,0
15473,274.80,1,1771.20,7
15474,150.35,1,0,0
15476,2209.98,4,0,0
15477,368.40,1,0,0
15478,541.06,1,1399.92,2
15479,147.40,1,0,0
15480,2686.75,2,905.50,1
15481,1993.34,1,0,0
15482,3537.60,7,10839.76,11
15483,585.42,6,225.26,4
15484,1061.69,2,2916.16,3
15485,2246.42,4,2564.50,3
15486,102.00,1,0,0
15487,231.32,1,0,0
15488,340.60,4,91.32,1
15489,1285.33,5,1134.28,3
15490,210.85,1,0,0
15493,2159.78,4,1953.41,5
15494,2422.02,3,1280.58,2
15495,246.50,1,0,0
15496,146.14,1,0,0
15497,7395.19,7,1262.20,2
15498,11656.46,17,12451.46,26
15499,158.65,1,0,0
15501,399.95,2,0,0
15502,2618.94,2,6923.98,10
15503,116.26,1,141.04,1
15504,338.62,3,52.83,1
15506,1058.25,3,972.08,3
15509,152.41,1,0,0
15512,210.58,2,121.00,2
15513,11678.83,16,14758.22,19
15514,2364.56,7,4023.72,11
15515,171.81,1,0,0
15518,2268.44,7,1921.55,8
15519,344.61,2,0,0
15521,4087.44,8,3000.20,8
15523,16847.18,15,412.01,1
15524,151.40,1,440.00,1
15525,155.85,1,466.19,2
15527,3125.51,15,2428.53,8
15529,821.06,1,3960.05,11
15530,311.37,1,1497.31,4
15532,2162.37,6,1554.83,4
15534,162.25,1,0,0
15535,541.47,2,502.90,4
15536,259.09,1,0,0
15538,3358.40,6,0,0
15540,247.38,1,213.30,1
15542,855.71,3,0,0
15543,114.40,1,127.86,1
15544,4261.18,11,3546.71,9
15546,1079.10,2,0,0
15547,5092.05,12,4391.94,13
15548,158.09,1,0,0
15549,652.70,5,1677.71,3
15550,1635.42,8,433.28,3
15551,1243.75,6,436.06,1
15552,162.40,1,90.12,1
15555,6441.91,20,4791.87,16
15558,202.68,1,0,0
15559,1109.40,1,0,0
15560,153.52,2,0,0
15561,1133.80,4,800.59,4
15562,536.88,2,134.55,1
15563,1459.02,3,1361.44,3
15564,70.74,2,0,0
15566,227.87,2,0,0
15569,2207.74,5,1375.71,5
15570,4587.67,13,4113.42,11
15571,3241.92,10,650.43,4
15572,1431.78,3,2338.44,6
15573,597.23,3,583.24,2
15574,425.80,2,675.64,4
15575,30.10,1,0,0
15577,137.15,2,258.88,3
15579,923.03,3,327.60,2
15580,1375.39,8,0,0
15581,3787.73,24,717.43,10
15583,95.96,1,0,0
15584,547.34,2,720.86,4
15586,1139.10,3,0,0
15587,608.40,3,913.68,4
15588,579.60,1,0,0
15590,1496.60,5,0,0
15591,217.90,3,0,0
15595,357.60,1,0,0
15596,1321.13,4,1406.59,5
15597,238.80,1,324.57,1
15598,307.34,1,240.68,1
15599,488.32,1,761.74,2
15600,1199.31,4,0,0
15601,7415.18,16,6776.56,14
15602,1840.09,7,1117.03,8
15603,40.00,1,48.48,1
15605,543.72,4,1198.23,5
15606,2310.83,8,2920.16,9
15607,1604.21,8,104.76,1
15608,692.30,1,1093.68,4
15611,1405.83,13,1570.45,11
15613,433.72,1,0,0
15614,3147.36,4,0,0
15615,10974.23,24,10399.74,23
15616,317.11,1,0,0
15617,828.55,3,0,0
15620,389.18,1,1553.18,3
15622,4143.05,8,3709.56,9
15623,2136.02,7,301.03,1
15625,1702.14,5,1534.26,4
15626,391.72,1,675.80,2
15627,566.90,2,0,0
15628,2462.84,8,2667.29,8
15629,2240.90,4,0,0
15630,295.05,1,1186.35,2
15631,596.67,1,0,0
15633,4335.96,13,0,0
15634,311.10,1,243.55,1
15635,100.35,1,0,0
15636,719.82,2,724.76,2
15637,574.23,4,223.36,1
15638,2265.20,6,0,0
15639,639.76,2,425.32,1
15640,11043.40,14,11229.63,14
15641,3458.35,8,1887.20,4
15642,105.78,1,0,0
15645,443.16,2,611.59,1
15646,337.17,2,447.64,3
15647,169.00,1,0,0
15649,844.35,2,816.00,2
15650,553.88,2,0,0
15651,612.76,2,646.30,3
15652,1068.20,4,337.74,1
15658,1093.17,3,1024.10,5
15659,226.04,2,306.45,1
15660,1002.83,6,1600.86,9
15661,906.15,6,309.80,2
15662,283.73,2,0,0
15664,845.10,3,386.43,1
15665,1764.86,3,2222.21,2
15666,632.94,2,0,0
15670,152.15,1,173.05,1
15672,45.30,1,0,0
15673,3478.09,5,2726.23,4
15674,4501.63,8,2111.89,4
15675,218.35,1,323.69,3
15677,648.40,2,657.23,1
15678,1473.24,2,352.70,1
15680,2695.01,7,1333.68,3
15681,1563.54,9,1426.16,5
15682,318.24,2,0,0
15683,330.79,1,193.75,1
15684,173.95,3,0,0
15685,55.98,1,0,0
15686,90.00,1,0,0
15688,190.57,1,0,0
15689,266.93,1,254.10,2
15691,434.50,3,136.80,1
15693,37.50,1,0,0
15694,3499.08,10,5592.72,11
15695,721.06,2,409.98,2
15696,1170.11,5,2711.11,8
15697,246.75,1,0,0
15698,46.20,1,0,0
15702,112.57,1,0,0
15704,1441.04,2,2293.62,4
15708,651.90,2,3235.25,7
15709,194.60,1,133.25,1
15710,898.87,1,0,0
15711,420.25,2,0,0
15712,2400.05,7,1072.36,5
15713,482.94,2,356.70,2
15714,453.93,3,330.03,2
15715,658.02,5,0,0
15716,1381.63,7,1101.11,4
15717,456.70,4,150.30,1
15718,293.79,1,0,0
15719,5165.90,18,5028.42,13
15720,140.49,1,598.73,1
15722,3022.79,6,2211.21,5
15723,740.00,3,190.70,1
15724,92.60,1,218.25,2
15726,321.91,1,0,0
15727,4212.65,8,5159.06,7
15728,544.60,2,0,0
15729,107.55,2,85.00,1
15730,605.70,2,1120.88,3
15731,125.30,1,0,0
15732,1249.85,8,294.12,2
15734,923.85,2,1339.45,2
15735,327.68,1,0,0
15736,1767.12,2,0,0
15738,8230.90,25,4812.42,16
15741,208.62,2,0,0
15742,156.87,1,0,0
15747,1553.17,6,946.64,3
15748,465.45,2,144.36,1
15750,3989.94,10,2122.66,7
15751,1380.44,11,0,0
15752,1298.31,2,2626.60,7
15754,2579.04,6,458.57,3
15755,3628.87,11,2364.25,6
15757,2225.94,4,714.42,2
15759,577.89,4,253.04,3
15761,143.05,1,0,0
15764,1223.11,2,3279.97,6
15765,370.63,1,0,0
15766,516.00,2,315.06,1
15768,14687.06,31,621.83,3
15769,32359.80,20,52848.72,25
15770,321.45,1,0,0
15771,1006.54,3,0,0
15772,280.88,1,0,0
15773,138.84,1,0,0
15774,1016.29,5,270.80,1
15775,45.60,1,104.90,1
15777,715.50,3,1047.11,4
15778,307.95,1,0,0
15779,124.08,2,0,0
15782,1399.36,1,2614.74,3
15784,848.33,2,0,0
15785,3640.96,11,2328.97,5
15786,3582.62,2,4919.00,3
15788,221.83,1,0,0
15789,1610.71,5,351.30,1
15791,1995.65,3,1612.69,2
15792,933.84,2,0,0
15793,1433.96,5,965.61,3
15794,777.00,2,0,0
15795,1369.86,7,610.01,1
15796,2463.02,9,2259.96,7
15797,613.68,2,2192.40,3
15798,1535.37,3,0,0
15799,537.20,1,884.14,3
15800,530.18,5,696.89,2
15803,1513.84,3,415.82,1
15805,4660.75,13,5488.18,17
15807,913.62,2,903.90,3
15808,13528.98,17,3651.27,4
15809,758.67,2,515.77,5
15810,1607.06,4,1391.98,4
15811,1173.93,1,2218.62,6
15812,3400.33,7,1801.14,5
15814,689.11,2,1945.33,4
15816,144.15,2,0,0
15817,2766.40,3,0,0
15818,340.50,1,0,0
15819,2029.34,6,1905.45,4
15822,954.59,4,440.20,1
15823,3867.17,2,0,0
15824,890.94,2,0,0
15826,943.97,1,1654.31,3
15827,1767.05,14,1836.09,14
15828,1108.82,1,0,0
15833,80.40,1,0,0
15834,1539.24,3,2222.65,4
15837,385.03,1,391.98,1
15838,39562.42,15,33643.08,19
15841,1518.35,5,1224.06,4
15842,548.80,2,0,0
15845,714.51,3,3711.77,8
15846,107.01,1,0,0
15847,433.30,3,389.27,2
15848,137.99,1,0,0
15850,771.87,4,234.88,2
15851,109.73,1,0,0
15852,96.55,1,160.71,2
15854,2609.16,9,2839.94,10
15855,340.48,1,712.24,5
15856,16132.31,25,13081.60,21
15857,273.48,1,297.00,1
15858,2124.84,8,1427.57,5
15859,438.46,1,0,0
15860,1393.64,9,965.16,8
15861,1213.98,4,3146.92,8
15862,1674.26,9,659.73,3
15863,286.26,3,68.84,2
15864,244.44,1,1936.32,6
15865,1346.29,2,895.13,3
15867,5066.27,16,3518.02,14
15868,94.53,1,0,0
15869,171.47,1,149.64,2
15870,506.02,3,351.44,1
15871,33.10,1,0,0
15872,413.00,2,316.25,2
15873,313.92,4,0,0
15874,6878.88,14,4405.88,7
15875,108.52,1,0,0
15876,1449.14,2,0,0
15878,330.77,2,0,0
15879,1137.80,4,0,0
15882,608.30,4,514.08,4
15884,244.60,2,0,0
15885,1572.47,12,349.35,1
15886,871.78,3,181.09,1
15887,1027.15,3,0,0
15888,260.85,2,162.64,1
15889,1006.28,6,400.77,2
15890,535.65,5,0,0
15892,128.20,1,0,0
15893,305.28,1,0,0
15898,3608.87,20,997.94,4
15900,549.29,3,337.28,1
15901,318.14,3,349.75,3
15902,145.01,1,0,0
15903,3813.08,5,5126.76,7
15905,114.69,1,0,0
15906,962.50,3,1567.69,7
15908,758.62,2,0,0
15910,1432.29,7,1095.53,7
15911,1683.79,8,0,0
15912,810.08,7,264.62,2
15913,6.30,1,0,0
15914,205.99,2,0,0
15915,364.24,1,0,0
15916,1642.38,5,1502.86,8
15917,407.07,4,123.10,1
15918,248.65,1,334.23,2
15920,401.64,5,163.55,3
15921,442.58,3,323.03,1
15924,102.82,1,0,0
15926,134.44,1,0,0
15927,106.54,1,0,0
15928,293.53,1,0,0
15929,594.00,1,0,0
15931,239.90,1,0,0
15934,2190.66,2,0,0
15936,282.79,2,0,0
15938,330.23,4,404.58,5
15939,2904.83,1,6100.01,14
15941,405.00,1,0,0
15943,271.29,2,0,0
15944,1839.14,3,325.10,1
15945,465.27,3,181.00,1
15946,2304.18,3,0,0
15948,553.85,1,644.24,1
15950,5376.20,6,1744.71,4
15951,304.95,1,375.17,1
15953,1783.06,10,1657.28,8
15954,187.80,1,0,0
15955,3669.72,8,4416.26,14
15956,617.60,2,0,0
15957,492.36,2,428.89,1
15958,357.77,3,104.35,1
15959,542.89,3,0,0
15960,410.95,4,0,0
15961,451.29,1,0,0
15962,289.48,1,0,0
15964,269.21,1,0,0
15965,1963.07,9,808.87,4
15966,426.53,1,0,0
15967,2568.32,10,397.68,2
15968,401.80,1,0,0
15969,460.95,2,531.10,2
15970,703.22,1,314.10,1
15971,1702.98,6,4194.90,12
15972,1769.33,5,0,0
15973,357.80,1,307.82,1
15976,1252.67,4,427.64,2
15978,2180.64,2,1098.78,1
15979,329.22,1,0,0
15980,4144.82,4,2398.86,3
15981,5954.29,13,3408.48,8
15982,324.51,1,0,0
15983,1645.25,4,1465.12,4
15984,5612.39,20,2050.71,8
15985,1572.86,5,1142.42,2
15986,186.30,1,168.12,1
15987,103.22,1,1432.77,7
15988,579.61,2,156.78,1
15989,368.31,2,0,0
15990,1205.64,5,792.11,2
15991,150.55,1,0,0
15992,854.61,2,0,0
15994,761.41,2,414.27,1
15995,694.54,1,0,0
15996,353.82,1,1032.58,6
15998,5193.92,11,3080.22,5
15999,20.40,1,0,0
16001,583.39,1,0,0
16002,169.21,1,0,0
16003,2878.46,5,2735.37,5
16004,2146.39,5,0,0
16005,1786.36,6,578.71,4
16006,231.42,1,101.40,1
16007,1359.25,3,1693.81,4
16008,4860.35,12,478.78,3
16010,1302.46,8,392.40,3
16011,2246.35,13,2959.04,15
16012,1563.30,2,1415.29,3
16013,18947.84,37,34486.88,45
16014,453.45,2,646.83,3
16016,617.89,3,1324.91,7
16017,1333.70,4,211.88,1
16018,289.23,2,408.90,2
16019,13542.92,18,3786.24,9
16021,487.03,2,0,0
16024,232.96,2,245.75,1
16027,1113.74,9,934.62,6
16028,82.20,1,0,0
16029,36912.78,44,72708.09,62
16032,1965.72,6,0,0
16033,1829.99,7,8356.95,19
16034,473.62,3,437.70,3
16035,217.73,1,0,0
16036,1797.92,2,758.92,2
16037,654.32,2,855.02,3
16039,456.40,2,0,0
16040,1103.35,4,1313.55,3
16042,1067.85,3,1177.47,5
16043,1082.60,4,773.99,4
16044,340.84,1,0,0
16045,2094.23,4,1340.70,4
16046,235.78,1,0,0
16048,562.35,2,256.44,2
16049,777.34,3,1074.81,3
16050,162.80,2,137.90,1
16051,188.44,1,0,0
16053,2122.89,4,1511.95,2
16054,1327.98,3,783.90,1
16057,1591.73,3,2263.12,7
16058,62.70,1,0,0
16059,1600.41,6,1453.16,6
16060,541.95,3,0,0
16061,89.65,1,0,0
16062,1709.83,4,1153.62,4
16064,109.31,1,0,0
16065,1624.99,7,367.14,1
16067,3269.11,3,0,0
16068,115.73,1,0,0
16069,457.70,1,0,0
16071,750.56,3,326.24,1
16072,3595.77,3,584.32,1
16074,252.50,1,0,0
16075,736.93,2,0,0
16077,2300.40,1,0,0
16078,283.79,1,79.20,1
16080,385.40,2,217.16,2
16081,1479.54,3,2799.42,5
16082,106.75,1,0,0
16083,1033.80,2,1317.62,2
16085,1343.20,7,981.51,5
16086,1566.34,5,1121.39,5
16087,1739.92,5,0,0
16088,1437.43,2,0,0
16089,263.49,2,0,0
16090,180.56,1,0,0
16092,770.08,3,817.86,3
16094,2617.33,7,1078.23,4
16095,447.05,1,0,0
16096,1264.35,3,320.62,1
16098,2005.07,7,2005.63,7
16099,841.30,4,731.90,3
16100,582.64,1,0,0
16101,1938.46,3,1290.70,1
16103,4762.07,16,1413.14,5
16104,2476.25,8,298.21,1
16105,2049.23,4,336.96,1
16108,1393.42,3,842.50,1
16109,327.60,1,611.88,2
16110,460.64,1,1320.95,3
16111,549.33,1,0,0
16115,892.92,4,1660.88,8
16117,422.19,2,232.21,1
16118,4376.25,1,0,0
16119,1297.45,6,309.48,1
16120,1658.37,2,1309.14,4
16121,595.38,3,854.66,2
16122,211.20,2,684.42,4
16124,1523.49,3,249.00,1
16125,4003.00,13,289.35,1
16126,8356.83,11,6287.77,4
16127,145.06,1,656.25,1
16128,1920.83,6,1880.22,5
16129,1396.05,3,0,0
16130,987.48,4,0,0
16131,6450.88,6,3506.54,6
16132,664.20,2,0,0
16133,8403.22,23,13651.92,30
16134,1527.25,3,618.09,2
16135,301.90,1,517.55,1
16136,237.42,1,709.38,3
16137,422.70,1,0,0
16138,910.35,3,0,0
16139,475.74,2,635.41,3
16140,708.28,1,725.18,2
16141,335.54,1,620.40,1
16143,2130.14,6,1949.36,5
16145,3005.95,8,3432.10,10
16146,212.25,1,734.13,3
16147,2023.91,4,375.00,1
16148,310.30,1,76.32,1
16149,141.70,1,163.68,1
16150,1949.15,5,2053.02,5
16153,3309.26,6,1824.23,5
16155,796.90,5,0,0
16156,3096.14,11,2776.43,8
16158,628.32,9,0,0
16159,884.59,3,348.20,1
16161,7046.39,24,5215.16,18
16163,1551.38,4,856.60,2
16165,79.90,1,0,0
16166,435.83,2,0,0
16167,1386.12,5,0,0
16168,6573.07,39,3787.60,27
16170,4983.95,14,1885.05,6
16172,744.34,3,1140.21,5
16174,1237.20,4,1009.55,3
16175,798.85,3,1037.59,4
16176,2052.69,4,0,0
16177,1915.36,7,331.95,1
16178,414.70,1,197.90,1
16180,5995.69,5,10254.18,8
16182,3354.00,5,6617.65,4
16183,739.10,3,338.71,1
16185,115.31,1,529.41,2
16186,4711.49,14,4006.94,12
16188,105.80,1,981.86,4
16190,2508.47,7,215.08,1
16191,10497.30,11,4935.86,12
16192,351.30,1,0,0
16193,315.98,1,314.45,1
16194,308.60,1,0,0
16195,323.25,1,0,0
16196,93.30,1,0,0
16197,2016.71,9,0,0
16198,629.36,1,400.68,1
16199,942.75,7,0,0
16200,4539.23,10,550.57,1
16201,248.65,1,1354.07,3
16202,2136.72,8,365.27,1
16203,350.94,2,592.90,4
16204,534.53,2,384.18,1
16205,1062.48,3,751.03,4
16206,2040.06,9,537.06,4
16208,2776.19,8,664.26,2
16209,1884.16,4,2262.62,5
16210,12654.67,16,17476.90,16
16211,543.57,2,547.02,1
16212,603.37,2,690.34,2
16214,975.50,1,1062.75,3
16218,883.99,6,3084.68,7
16219,40.80,1,0,0
16221,1157.61,6,860.86,3
16222,498.50,1,773.55,1
16223,1087.05,2,0,0
16224,321.24,1,1295.30,4
16225,1762.99,10,1096.32,5
16226,417.05,2,255.12,3
16227,713.00,2,314.22,1
16228,885.71,3,0,0
16229,1857.26,4,1010.60,2
16231,1074.47,4,0,0
16232,1722.09,3,990.88,4
16233,1281.63,6,536.68,3
16234,333.18,3,0,0
16235,1186.40,4,857.31,4
16237,136.65,1,0,0
16238,63.66,1,0,0
16239,1078.00,4,414.20,2
16241,1399.50,3,2590.31,13
16242,3824.79,7,3030.95,6
16246,821.35,2,0,0
16250,175.80,1,389.44,2
16251,128.31,1,0,0
16252,295.09,1,0,0
16253,3538.34,5,3683.86,2
16254,967.44,3,0,0
16255,1910.09,7,2619.91,8
16256,826.94,2,752.43,1
16258,6739.01,10,5203.51,5
16259,340.94,3,0,0
16261,312.62,2,728.54,4
16262,755.15,1,0,0
16263,348.16,1,0,0
16264,823.53,2,0,0
16265,1338.17,3,5347.00,9
16266,896.06,7,861.89,7
16267,186.66,1,0,0
16269,717.57,1,0,0
16271,1978.18,4,1389.64,4
16273,318.34,2,0,0
16275,1591.24,2,559.87,1
16276,1818.79,2,810.60,1
16277,188.69,1,0,0
16278,551.46,2,566.38,1
16279,4195.50,6,1502.78,3
16280,238.05,1,0,0
16281,1361.96,2,2062.06,1
16282,1139.28,2,168.30,1
16283,2779.51,3,1328.44,4
16284,205.80,1,812.68,2
16285,176.90,1,0,0
16286,328.95,2,0,0
16287,864.48,4,142.50,1
16288,129.85,1,0,0
16289,136.31,1,0,0
16290,1957.70,4,0,0
16292,951.51,4,302.25,1
16293,2030.21,5,2248.99,10
16294,126.05,1,0,0
16296,1313.67,4,0,0
16298,487.50,4,598.20,3
16299,193.65,1,0,0
16300,1367.32,3,0,0
16301,107.33,1,0,0
16303,2567.64,4,5360.63,3
16304,381.66,1,0,0
16306,492.45,1,632.27,6
16307,1194.92,3,0,0
16308,2560.00,3,2560.00,4
16310,460.08,2,0,0
16312,171.15,1,0,0
16314,1491.40,3,0,0
16315,176.34,1,226.37,1
16316,2806.00,5,2938.91,8
16317,850.86,2,1341.65,3
16320,4590.53,4,1038.46,2
16321,230.90,2,373.65,5
16323,146.16,1,207.50,1
16325,3003.26,9,594.24,3
16326,1587.03,10,2767.38,13
16327,6339.37,10,3789.67,6
16328,310.83,1,0,0
16329,1664.92,4,0,0
16330,373.47,4,251.91,3
16331,2037.70,6,0,0
16332,414.69,4,1582.80,7
16334,263.73,1,0,0
16335,2753.52,7,0,0
16336,3517.69,4,0,0
16340,961.93,2,534.31,1
16341,1878.92,3,1971.87,4
16343,285.54,1,328.58,2
16344,741.32,3,101.10,1
16345,613.33,1,565.46,1
16346,224.51,1,0,0
16347,2595.51,9,847.45,2
16348,328.77,1,1413.31,7
16350,1137.42,5,1116.47,4
16351,3176.13,12,153.90,1
16353,3119.75,15,6081.71,21
16354,723.66,3,395.80,2
16355,416.35,1,0,0
16356,204.10,3,211.77,3
16357,209.49,1,658.88,3
16358,892.15,1,1594.34,3
16359,946.83,7,1640.19,8
16362,212.17,1,709.99,5
16365,1626.92,6,1540.42,9
16366,1220.83,3,327.30,1
16367,549.81,1,800.67,2
16368,141.53,1,302.48,1
16369,1111.15,4,1543.33,3
16371,157.20,1,0,0
16372,934.58,3,355.73,2
16373,309.49,2,0,0
16374,1250.77,3,458.78,2
16375,104.00,2,0,0
16377,632.28,1,676.20,1
16381,247.85,2,0,0
16382,353.10,2,0,0
16383,2244.23,5,643.76,2
16384,774.45,2,584.50,2
16385,326.49,2,554.86,3
16386,765.59,1,302.57,2
16387,788.10,4,94.36,1
16388,186.05,1,0,0
16390,467.50,3,0,0
16391,1048.86,4,0,0
16392,537.56,2,217.89,1
16393,2256.81,10,2734.26,12
16395,2035.50,9,1482.06,5
16396,137.80,1,0,0
16397,123.13,1,0,0
16399,222.20,1,406.22,2
16400,2755.92,8,303.93,1
16401,2749.13,11,3785.58,11
16406,374.01,2,154.35,1
16407,681.97,4,2079.68,10
16408,231.93,1,0,0
16409,3629.76,7,2022.98,5
16410,130.32,1,0,0
16411,544.69,2,211.70,2
16412,457.20,4,135.99,1
16413,259.83,1,262.20,1
16414,424.96,3,126.25,2
16415,496.49,2,200.27,1
16416,1906.48,6,1051.40,3
16417,35.70,1,0,0
16418,397.62,2,631.12,3
16419,504.99,2,958.71,6
16420,75.00,1,0,0
16421,526.27,3,0,0
16422,26972.02,56,34684.40,51
16424,309.50,1,133.56,1
16428,638.49,3,0,0
16430,802.09,5,300.85,1
16433,200.26,1,184.26,1
16434,1161.89,5,1511.80,7
16435,1003.07,3,0,0
16436,319.14,3,0,0
16437,301.25,2,0,0
16439,310.70,1,0,0
16440,216.30,1,2665.24,4
16441,631.98,3,381.20,2
16442,282.68,2,432.43,2
16443,162.24,1,0,0
16444,2971.21,13,654.67,4
16445,352.65,3,230.51,1
16447,471.19,2,255.91,1
16448,178.13,1,182.99,1
16450,1193.81,2,311.92,1
16451,746.18,2,266.97,1
16452,332.17,2,0,0
16453,251.71,2,0,0
16454,1.55,1,5.90,1
16455,2154.39,4,1841.18,7
16456,3842.76,8,2158.18,5
16458,2208.15,12,3307.24,17
16459,71.79,1,0,0
16461,1396.91,2,142.92,1
16465,746.24,2,0,0
16466,2171.13,8,1595.96,7
16467,2869.16,7,0,0
16468,712.62,2,74.90,1
16469,178.48,1,625.42,4
16470,1664.08,7,752.77,4
16471,966.03,3,223.95,1
16472,789.60,2,0,0
16473,154.72,1,316.11,3
16476,350.35,1,0,0
16477,1599.91,4,2494.46,7
16481,453.38,1,0,0
16485,1923.54,4,363.65,1
16486,134.36,1,0,0
16487,209.40,2,0,0
16489,303.70,2,0,0
16490,205.41,1,0,0
16491,801.66,1,731.50,1
16492,385.56,1,0,0
16493,780.46,3,1351.63,4
16496,731.25,3,1185.04,2
16497,3729.59,17,2965.69,6
16499,2212.89,6,365.45,2
16500,443.05,3,348.12,5
16501,1191.23,1,0,0
16502,258.55,2,0,0
16503,2182.41,7,1431.93,4
16507,142.71,1,0,0
16508,240.95,1,0,0
16510,1509.15,5,248.10,1
16511,842.16,3,916.33,3
16515,1554.92,5,1624.14,5
16518,475.05,2,484.32,2
16519,223.98,2,212.98,2
16520,1101.81,3,1046.57,3
16521,1136.36,3,0,0
16522,433.36,2,0,0
16523,2497.86,7,8562.85,19
16524,306.19,2,0,0
16525,11123.85,22,12705.73,25
16526,426.85,1,290.36,1
16527,1004.88,1,228.06,1
16529,1531.55,3,455.25,1
16530,48.35,1,0,0
16531,1053.74,4,1244.59,7
16532,2007.84,2,6748.80,3
16534,635.90,1,0,0
16535,358.29,1,0,0
16537,10.55,1,0,0
16538,395.07,3,0,0
16539,1900.85,6,1053.61,3
16540,205.75,1,0,0
16541,424.03,1,0,0
16542,137.70,1,119.62,1
16543,292.21,1,0,0
16544,376.70,4,0,0
16545,350.52,1,339.30,1
16546,4519.92,3,787.15,2
16547,104.26,1,0,0
16548,30.15,1,0,0
16549,8746.90,24,4034.90,10
16550,6508.71,13,2298.97,5
16551,1315.00,4,922.12,3
16553,10864.19,21,5719.82,12
16554,2004.62,5,837.10,3
16555,1629.79,4,285.89,2
16556,4698.79,10,3313.79,7
16558,4965.62,18,7739.52,19
16559,175.00,1,0,0
16560,2206.97,6,841.41,2
16562,223.86,1,0,0
16563,3334.82,5,1077.74,1
16564,87.80,1,0,0
16565,599.35,3,173.70,1
16568,1020.90,2,0,0
16569,1331.03,4,0,0
16570,3695.91,10,3738.40,10
16571,2827.05,7,1421.69,3
16574,850.34,2,451.44,1
16576,540.87,2,0,0
16577,380.00,1,0,0
16578,156.60,1,0,0
16579,295.05,1,0,0
16583,64.50,1,233.45,1
16584,2220.09,3,936.08,2
16585,341.59,2,0,0
16586,998.83,2,463.95,1
16588,1361.28,4,0,0
16589,153.12,1,459.24,3
16590,605.90,2,0,0
16592,3694.23,12,3195.52,15
16593,741.11,5,330.03,3
16595,1397.59,4,360.16,1
16596,208.83,2,250.15,2
16599,172.80,1,0,0
16600,1339.89,7,573.20,5
16601,434.30,2,241.53,1
16602,235.25,1,528.08,1
16604,432.45,2,0,0
16605,60.48,1,0,0
16606,357.66,2,0,0
16607,2359.16,11,3347.71,14
16608,1286.62,2,0,0
16611,1655.64,5,129.49,1
16612,2057.77,5,1187.66,4
16614,673.60,2,506.19,1
16615,291.50,1,0,0
16619,1712.12,3,226.21,1
16620,1579.97,4,95.76,1
16622,225.40,1,0,0
16623,885.79,3,129.45,1
16625,1320.95,4,333.08,1
16628,130.05,2,2188.05,5
16630,106.80,1,0,0
16631,1892.52,7,0,0
16632,406.40,2,0,0
16634,1431.91,4,217.90,2
16635,473.00,1,0,0
16636,3802.04,4,0,0
16638,699.41,5,1680.72,10
16639,490.47,1,1257.51,3
16640,179.40,1,0,0
16641,323.40,1,231.10,1
16642,389.12,1,307.73,1
16643,435.60,1,487.51,1
16645,160.39,1,0,0
16646,678.80,1,0,0
16647,327.84,2,214.06,2
16648,382.14,2,290.66,1
16649,306.58,1,0,0
16650,1397.69,6,518.42,1
16651,136.20,1,0,0
16652,10776.42,9,6773.97,7
16654,882.80,4,601.27,4
16655,2633.74,7,3789.52,6
16656,8207.37,15,8625.80,15
16658,557.59,4,123.24,1
16660,611.90,3,1267.65,4
16661,932.76,4,0,0
16662,151.05,1,0,0
16663,165.00,1,0,0
16664,109.20,1,0,0
16666,98.73,1,118.98,1
16668,555.70,7,306.72,6
16670,3934.25,9,4095.90,11
16673,171.13,1,0,0
16675,608.86,2,0,0
16676,769.78,2,1592.12,4
16677,880.62,2,0,0
16679,533.56,2,129.75,1
16680,637.75,2,183.70,1
16681,151.50,1,1770.34,6
16683,320.25,1,0,0
16684,80489.21,27,61251.58,27
16686,1921.19,9,2959.88,7
16687,157.63,1,0,0
16690,127.45,2,225.58,2
16691,178.83,2,0,0
16692,638.70,2,1126.00,2
16693,701.62,3,477.86,2
16694,98.30,1,0,0
16695,191.90,2,0,0
16699,994.60,7,0,0
16700,3754.22,12,4792.74,12
16701,4518.43,13,4899.86,12
16702,1109.53,4,0,0
16704,664.16,2,0,0
16705,29480.06,22,13784.47,19
16707,533.41,4,0,0
16709,6026.14,9,3029.87,5
16710,3453.36,12,2467.99,10
16711,1217.45,4,1355.43,4
16712,621.56,2,3603.66,11
16713,7204.78,17,6910.78,15
16714,368.27,1,1114.06,2
16715,323.80,1,301.72,1
16716,1248.48,1,901.20,2
16717,2820.60,8,3843.08,6
16718,2400.03,4,606.05,1
16719,1738.40,7,1770.22,7
16720,413.79,2,152.95,1
16722,3458.75,9,4730.81,13
16723,654.96,2,576.40,2
16724,147.35,1,0,0
16725,929.99,7,756.82,6
16726,705.14,2,1358.74,5
16727,1121.45,3,256.32,1
16731,170.30,1,0,0
16732,3783.89,3,603.75,1
16733,259.68,1,0,0
16735,3970.00,9,2247.41,5
16736,2956.56,5,0,0
16737,417.60,1,417.60,1
16739,463.43,1,323.00,1
16740,226.91,1,0,0
16741,173.06,1,0,0
16742,2334.97,13,0,0
16743,1999.02,7,2213.13,7
16746,11364.94,24,6230.19,17
16748,2121.43,9,1515.90,5
16749,4157.88,2,0,0
16754,63497.67,28,2002.40,1
16755,1389.25,4,1475.43,3
16756,1072.97,6,239.40,1
16757,163.65,1,106.83,1
16760,228.00,1,0,0
16763,352.85,1,611.85,1
16765,420.75,1,34.00,1
16767,2476.85,4,5575.56,11
16768,1220.48,6,478.09,3
16769,755.51,3,361.54,1
16770,1021.83,4,757.10,5
16771,1690.49,5,2230.61,5
16772,3698.05,3,0,0
16773,249.65,2,171.59,1
16774,905.96,4,661.52,4
16775,1129.33,5,1691.51,11
16776,220.97,1,371.54,1
16777,1069.56,3,222.62,2
16779,22197.31,31,9654.66,20
16780,174.16,1,422.24,2
16781,311.75,1,311.25,1
16782,7368.17,25,2267.95,13
16783,391.95,1,0,0
16784,784.73,4,107.60,1
16785,533.78,1,0,0
16786,51.84,1,0,0
16787,1017.53,4,0,0
16788,1334.54,3,592.74,2
16791,2251.85,8,1693.03,7
16792,513.08,3,110.38,2
16794,856.20,5,1095.07,9
16795,1647.53,2,414.88,1
16797,1802.02,5,0,0
16798,841.16,3,0,0
16799,452.78,2,0,0
16802,582.61,2,0,0
16805,615.75,2,460.59,2
16807,1002.29,3,1121.59,3
16809,812.74,4,914.69,5
16810,532.50,1,309.54,1
16812,1912.65,3,479.35,1
16814,5508.15,15,6406.80,21
16815,406.02,2,0,0
16817,955.95,4,1387.42,8
16819,182.59,2,0,0
16821,113.35,1,0,0
16822,181.39,1,0,0
16823,1884.71,6,358.38,1
16824,225.60,1,460.64,2
16825,1051.71,3,775.18,2
16827,387.18,5,0,0
16829,316.10,1,197.22,1
16830,881.59,3,325.91,1
16831,91.80,1,0,0
16832,218.46,2,199.15,3
16833,1302.51,2,671.29,3
16834,485.50,1,413.46,1
16835,1275.81,4,180.85,2
16836,530.50,2,251.87,2
16838,570.76,2,588.85,2
16839,5163.90,10,15753.87,32
16840,139.85,2,0,0
16841,2136.24,6,1869.82,6
16843,9374.86,19,10196.57,16
16844,614.34,2,0,0
16845,253.88,1,0,0
16846,628.09,2,214.32,1
16847,421.45,1,193.44,1
16848,1130.20,3,281.42,1
16854,1408.96,2,0,0
16856,323.09,2,35.40,1
16857,352.80,1,0,0
16858,3916.90,9,375.69,1
16859,1184.60,5,747.81,2
16860,1610.62,3,0,0
16861,772.83,3,173.76,2
16862,662.33,4,0,0
16863,331.47,1,502.80,2
16864,409.25,2,0,0
16865,130.95,1,0,0
16867,76.74,1,0,0
16868,384.56,3,0,0
16870,450.16,1,0,0
16872,533.11,3,680.02,3
16873,7493.77,6,5268.79,5
16874,209.89,1,0,0
16875,2139.00,6,2095.53,5
16876,136.01,1,0,0
16880,321.78,1,1491.43,7
16883,1973.58,17,272.48,2
16884,641.13,2,429.84,2
16885,232.94,1,450.41,3
16886,134.00,1,0,0
16887,465.84,2,192.33,1
16888,434.20,3,0,0
16889,947.98,3,1578.67,3
16890,277.91,3,0,0
16891,985.51,6,638.98,4
16892,236.56,2,383.27,3
16893,103.54,1,145.93,1
16894,1306.96,3,0,0
16895,900.63,4,202.27,1
16896,103.95,1,0,0
16898,384.18,2,501.03,3
16899,424.71,2,969.43,5
16901,204.26,1,0,0
16903,678.55,2,363.20,1
16904,1021.61,5,3285.93,14
16905,1666.67,10,2702.90,6
16906,850.48,3,559.59,4
16907,542.13,4,928.76,5
16908,252.59,1,0,0
16911,255.25,2,0,0
16912,1904.93,4,2555.58,11
16913,310.47,2,113.44,1
16915,921.50,5,621.68,6
16916,333.71,2,562.41,2
16917,1460.36,1,391.52,1
16918,2137.72,10,1068.82,6
16919,2317.41,13,2592.25,11
16920,355.45,1,0,0
16921,255.03,2,154.18,1
16922,611.08,1,0,0
16923,6088.05,13,7069.08,19
16925,125.65,1,0,0
16926,939.36,4,230.25,1
16928,991.33,9,2806.75,17
16931,477.35,2,4143.43,20
16932,262.32,2,150.23,1
16933,2536.07,7,224.73,1
16934,1152.11,4,931.03,2
16935,530.86,3,0,0
16936,286.39,1,261.90,1
16937,196.25,1,0,0
16938,4283.68,5,2386.05,3
16939,433.85,3,0,0
16940,3377.78,5,3049.88,3
16941,33.00,1,0,0
16944,101.36,1,0,0
16945,4202.66,14,4345.50,19
16946,1222.04,5,0,0
16947,540.23,3,406.48,1
16948,433.75,4,435.02,3
16950,2355.21,7,1178.56,3
16952,628.22,3,167.61,2
16954,3996.80,11,1703.96,7
16955,601.64,2,518.67,4
16958,778.49,1,0,0
16960,1483.83,5,505.10,3
16961,560.39,2,234.17,1
16962,251.04,1,0,0
16964,207.85,2,0,0
16970,71.40,1,0,0
16972,749.00,2,0,0
16973,127.00,1,0,0
16974,365.50,2,0,0
16975,926.12,3,0,0
16977,496.00,4,0,0
16978,424.55,2,344.33,1
16979,1007.74,3,1620.26,5
16980,394.37,1,1028.46,2
16983,1584.66,4,1905.87,7
16984,5891.01,7,4459.52,2
16985,5459.04,13,5464.12,10
16986,3015.55,9,1873.20,2
16987,882.65,4,1393.12,6
16988,256.55,1,0,0
16990,165.00,1,179.00,1
16991,1041.21,1,0,0
16992,3862.19,8,1614.31,5
16993,1950.95,2,0,0
16996,666.65,3,1456.96,6
16998,107.00,1,295.00,4
17000,406.30,2,0,0
17001,2651.23,8,3581.89,10
17002,1077.82,4,1493.73,3
17003,828.21,4,0,0
17004,1012.22,2,1312.14,2
17005,622.36,2,0,0
17006,853.49,4,534.72,3
17007,230.17,1,889.93,6
17008,81.36,1,0,0
17009,242.06,1,0,0
17011,400.80,2,270.90,1
17012,360.61,1,0,0
17016,552.40,1,0,0
17017,3882.73,9,8063.66,19
17018,1367.60,4,920.10,2
17019,2328.91,7,1258.08,4
17020,935.62,2,0,0
17021,1182.22,6,0,0
17022,189.00,1,71.00,1
17023,800.18,3,0,0
17025,991.90,2,357.77,3
17026,21.00,1,154.83,2
17027,433.07,3,877.56,6
17028,1593.83,3,0,0
17029,1421.30,5,716.00,2
17031,2393.50,4,380.35,2
17032,2896.69,5,0,0
17033,302.65,1,1030.14,3
17034,530.90,2,745.52,3
17035,180.06,2,433.53,2
17036,176.90,1,0,0
17038,630.77,1,112.40,1
17039,1954.99,1,0,0
17040,13.52,1,449.73,1
17041,583.71,3,1071.49,3
17043,858.47,4,1735.18,4
17044,11013.82,11,948.48,1
17045,488.24,2,339.44,3
17046,1264.05,4,642.02,1
17047,1188.33,3,1100.90,3
17048,1146.33,4,925.35,3
17049,4287.50,10,5259.03,8
17050,1162.82,4,3185.64,6
17051,465.60,3,240.89,1
17055,232.85,1,0,0
17056,128.60,1,0,0
17057,288.79,1,0,0
17059,1784.18,4,3080.39,5
17062,356.42,2,528.29,4
17063,2177.39,6,1461.14,7
17065,194.70,2,0,0
17066,228.34,1,0,0
17067,454.54,3,0,0
17068,4434.29,26,4545.89,21
17069,2807.53,5,2709.70,9
17070,133.18,1,304.24,1
17071,1364.68,4,2429.03,9
17072,273.35,1,0,0
17074,203.05,1,0,0
17075,1402.51,6,834.12,4
17076,401.67,3,841.08,3
17077,306.00,1,0,0
17080,669.91,5,287.62,2
17081,660.48,4,288.91,2
17082,2728.18,4,2003.85,2
17083,2644.01,6,1405.78,3
17084,2253.22,1,2747.99,2
17085,6276.87,23,1562.40,5
17087,221.53,1,0,0
17089,128.45,1,0,0
17090,1105.53,6,1750.61,6
17091,3667.99,10,3376.96,8
17092,3737.38,7,1774.03,4
17093,235.88,1,0,0
17094,100.20,1,302.00,1
17095,1248.09,4,1324.16,3
17096,2675.80,7,1022.13,4
17097,188.94,1,810.27,7
17098,591.07,3,0,0
17099,582.17,1,0,0
17101,885.32,3,1621.73,4
17103,424.30,1,0,0
17104,474.03,1,0,0
17106,481.58,1,0,0
17107,5255.24,4,10797.48,6
17108,174.95,1,0,0
17109,410.42,2,881.29,6
17110,336.60,2,163.30,1
17111,227.97,1,231.61,1
17112,197.57,1,0,0
17113,2305.59,6,0,0
17115,1923.99,4,612.82,2
17116,389.78,1,0,0
17121,314.74,1,0,0
17122,432.18,3,138.32,1
17123,621.37,2,345.30,1
17126,1019.48,4,989.45,5
17127,1155.03,5,0,0
17129,31.85,1,0,0
17132,1220.91,2,0,0
17133,9730.09,5,4892.24,7
17134,212.10,1,413.20,2
17135,576.65,3,1139.73,7
17136,231.68,1,0,0
17137,1099.81,6,0,0
17138,4036.77,6,380.50,1
17139,8915.99,13,10650.77,12
17141,727.58,4,0,0
17142,696.25,3,579.00,1
17143,880.97,2,0,0
17145,3120.91,4,0,0
17146,5102.86,10,749.78,3
17147,1485.36,5,1714.59,4
17149,143.10,1,0,0
17150,1357.95,6,0,0
17151,231.90,1,0,0
17152,327.00,1,1689.50,3
17155,640.76,5,251.70,2
17156,591.87,1,0,0
17157,4832.90,17,161.46,1
17158,713.03,2,1266.97,3
17159,560.71,2,1538.88,3
17160,6691.13,11,3518.03,6
17161,856.01,1,0,0
17163,406.68,2,293.10,2
17165,1635.64,5,158.68,1
17167,867.11,3,0,0
17168,400.20,1,0,0
17169,320.95,1,835.78,2
17170,178.68,2,0,0
17171,159.68,1,224.91,1
17172,638.81,2,317.76,1
17176,596.19,2,306.13,1
17177,119.50,1,0,0
17178,432.96,1,0,0
17179,795.47,3,711.79,3
17180,1452.80,7,783.97,4
17181,69.93,1,239.92,2
17182,321.30,2,0,0
17184,198.41,2,0,0
17185,229.46,3,0,0
17187,263.76,1,203.95,1
17188,2118.70,6,2474.23,7
17189,569.88,3,383.75,2
17190,1279.99,5,444.74,2
17191,2216.66,8,2093.68,7
17192,75.28,1,0,0
17193,610.74,2,1699.30,7
17194,549.88,1,226.78,1
17195,562.98,1,0,0
17196,327.75,1,0,0
17199,135.04,1,0,0
17200,356.71,4,0,0
17201,842.82,3,289.78,1
17202,160.65,1,0,0
17203,2004.01,4,3560.08,6
17204,3940.13,5,1564.56,4
17205,615.27,2,384.08,1
17207,291.77,1,0,0
17208,111.15,1,0,0
17209,595.70,3,0,0
17210,251.72,1,0,0
17211,1456.13,5,2317.22,8
17212,567.56,2,226.85,1
17213,2088.17,6,2781.23,7
17215,186.15,1,0,0
17216,63.60,1,0,0
17217,96.60,1,113.50,1
17218,1937.42,8,1843.28,9
17219,144.90,1,114.23,1
17220,1263.86,7,3187.55,14
17221,642.14,3,132.28,1
17222,1234.96,5,328.65,1
17223,141.15,1,381.89,2
17224,100.86,1,0,0
17225,131.15,1,0,0
17226,501.98,2,393.49,1
17227,939.61,6,939.32,6
17228,913.94,5,1906.09,8
17230,5750.08,10,3638.41,8
17231,3940.08,15,3124.72,10
17233,369.98,2,190.88,1
17235,1012.92,6,550.06,2
17236,1013.13,6,916.13,6
17237,679.44,2,314.69,2
17238,3612.07,15,3084.48,15
17239,806.95,3,382.50,1
17240,130.60,1,0,0
17241,2736.64,12,0,0
17242,1754.24,3,1135.04,2
17243,11653.03,43,7596.07,24
17244,871.14,4,954.90,1
17245,200.18,1,171.45,1
17246,38.92,2,0,0
17248,181.89,1,318.65,1
17249,68.03,1,0,0
17251,529.15,2,269.83,1
17254,198.29,1,169.06,1
17255,490.22,2,291.48,2
17256,258.93,3,240.00,2
17257,189.78,2,0,0
17258,417.30,2,0,0
17259,871.16,4,581.23,2
17260,120.95,1,0,0
17261,221.59,1,0,0
17262,1235.40,6,1253.36,5
17264,268.28,1,0,0
17266,205.14,2,113.06,1
17268,970.25,7,763.64,4
17269,491.81,1,0,0
17270,601.45,2,0,0
17271,204.30,1,0,0
17273,141.12,1,0,0
17274,465.40,1,107.82,1
17275,114.10,1,0,0
17276,501.24,1,0,0
17278,25.20,1,246.04,1
17280,118.86,1,0,0
17281,797.85,6,0,0
17282,623.08,2,1685.46,3
17283,188.46,1,0,0
17284,911.12,1,1647.48,6
17285,400.44,2,0,0
17286,237.81,2,151.37,1
17287,2777.80,14,1049.06,7
17288,1050.80,4,1417.63,7
17289,1110.78,6,931.02,3
17290,914.47,6,348.83,1
17292,271.75,2,0,0
17293,1896.57,8,1659.93,8
17294,467.79,2,0,0
17296,338.13,1,0,0
17298,439.94,3,498.42,2
17299,336.62,2,656.61,4
17300,393.64,2,0,0
17301,131.15,1,163.24,1
17304,111.50,1,0,0
17305,2135.46,1,0,0
17306,1151.04,2,8631.31,19
17307,3999.89,11,0,0
17308,4511.76,2,0,0
17309,237.64,2,82.75,1
17310,1025.10,2,0,0
17311,2181.71,4,1384.85,2
17314,2376.51,9,2527.92,8
17315,3318.35,5,6061.05,35
17316,124.45,1,0,0
17318,157.33,1,0,0
17319,29.10,1,0,0
17320,1244.23,3,1200.62,3
17321,1008.05,4,615.91,1
17322,922.59,5,0,0
17323,644.52,5,903.12,7
17324,1184.59,8,986.48,4
17325,512.77,2,96.80,1
17326,312.35,2,0,0
17327,152.35,2,0,0
17328,104.70,1,0,0
17329,475.42,3,523.11,2
17330,59.90,2,363.90,2
17332,827.77,5,0,0
17334,328.13,1,307.02,2
17335,497.04,2,0,0
17336,81.12,1,0,0
17338,5395.79,9,6484.75,8
17339,59.00,1,243.36,2
17340,7264.66,7,12353.29,11
17341,589.92,2,682.29,3
17342,1227.54,4,0,0
17343,1066.30,5,193.64,1
17344,299.74,1,157.62,1
17345,1066.94,6,519.69,4
17346,2368.53,11,2485.79,14
17348,1274.39,4,1156.60,5
17349,674.16,4,98.25,1
17350,612.38,3,886.34,2
17351,1377.23,9,587.15,3
17352,36.25,1,0,0
17353,1502.00,2,1740.00,2
17354,1740.90,3,1393.06,1
17355,273.31,1,0,0
17356,768.25,4,178.22,1
17358,500.20,3,360.81,2
17359,156.60,1,127.86,1
17360,632.27,3,568.24,3
17361,383.59,2,488.20,3
17362,711.81,5,312.23,2
17363,920.46,3,0,0
17364,7151.77,16,3770.17,8
17365,3417.13,7,4762.32,8
17366,1077.24,2,0,0
17368,879.42,6,1878.87,8
17369,979.20,1,0,0
17371,232.97,3,418.40,3
17372,2979.28,19,1337.18,8
17373,520.58,3,646.92,4
17374,231.34,1,495.77,2
17375,260.45,1,400.10,3
17376,250.44,2,203.20,2
17377,13580.91,58,4058.32,20
17378,10.95,1,0,0
17380,645.00,3,0,0
17381,16123.04,9,19967.45,28
17382,836.88,7,65.40,1
17383,110.70,1,0,0
17384,171.15,1,336.40,2
17386,126.35,1,1697.34,5
17388,1415.81,7,1259.56,4
17389,25381.65,27,25956.90,31
17390,149.30,1,0,0
17392,168.65,1,411.27,2
17393,381.15,2,0,0
17395,97.50,1,0,0
17396,1078.80,6,7312.80,7
17397,516.87,1,681.41,2
17400,2525.44,3,2097.84,5
17401,114.85,1,0,0
17402,2001.71,10,2312.05,11
17403,118.95,1,263.92,1
17404,15856.30,8,31543.82,12
17406,2002.53,10,2184.42,3
17407,552.90,1,0,0
17408,283.44,2,32.65,1
17409,7021.66,8,771.85,2
17411,646.44,2,778.94,3
17412,2962.16,9,1071.66,6
17413,560.14,2,0,0
17414,1471.52,4,778.00,2
17416,10405.03,15,6893.42,7
17417,164.18,1,0,0
17418,206.60,1,463.46,2
17419,1899.68,6,4226.57,12
17420,354.75,3,598.83,3
17421,1059.41,3,0,0
17422,1615.39,5,1979.37,6
17423,420.54,1,698.41,2
17426,3040.51,7,4280.59,4
17428,14209.91,17,16841.25,27
17429,832.54,2,524.92,3
17430,356.81,2,265.76,2
17432,1363.23,7,365.76,2
17433,266.80,1,303.16,1
17435,331.35,1,0,0
17436,317.76,3,122.40,1
17437,369.68,1,0,0
17438,1034.32,4,388.45,1
17439,325.74,1,0,0
17440,137.16,1,186.42,3
17441,293.35,1,0,0
17442,2371.74,9,2248.56,6
17448,14448.67,41,0,0
17449,2348.94,6,2092.17,6
17450,50393.46,5,192828.39,45
17454,1030.41,6,517.53,4
17456,725.70,1,249.86,1
17457,4247.11,9,1737.70,5
17458,213.08,1,316.50,1
17460,1535.54,10,622.43,6
17463,659.40,2,1875.86,5
17464,617.18,2,289.96,1
17465,2542.79,7,0,0
17467,102.60,1,0,0
17468,57.80,1,137.00,2
17469,3180.28,12,1870.97,5
17470,1501.40,6,1125.07,5
17471,321.65,1,0,0
17472,224.81,1,697.54,3
17473,607.00,2,0,0
17474,1047.00,1,0,0
17476,489.86,2,0,0
17477,1144.30,2,0,0
17478,1272.80,2,0,0
17479,389.26,1,0,0
17480,370.41,1,511.82,1
17482,775.64,2,0,0
17483,177.69,1,414.04,3
17484,209.57,2,0,0
17487,160.55,1,0,0
17488,336.50,1,0,0
17490,658.18,2,1321.22,4
17491,2094.80,7,3115.97,9
17492,747.85,2,374.57,1
17493,100.91,1,0,0
17494,54.70,1,0,0
17495,309.16,1,342.59,1
17496,1141.84,3,271.05,1
17497,287.25,2,0,0
17499,718.51,1,622.88,1
17504,6493.14,9,2997.03,9
17505,1289.64,3,1145.84,2
17508,4191.92,7,387.31,1
17510,206.08,1,308.48,1
17511,81070.49,29,83683.06,29
17512,2542.83,8,2924.99,10
17513,645.60,2,513.20,1
17514,313.35,1,208.65,1
17515,963.49,5,639.02,4
17516,182.62,1,764.88,5
17518,329.42,2,0,0
17519,2930.15,9,1844.02,6
17521,554.85,2,723.21,3
17524,394.14,2,145.00,1
17525,739.20,2,422.70,1
17526,2743.34,8,872.80,3
17529,1240.25,2,0,0
17530,424.57,2,2147.50,9
17531,970.12,2,296.70,1
17532,65.34,1,0,0
17533,34.80,1,0,0
17534,1445.47,4,223.36,1
17536,288.33,2,76.50,1
17539,1161.84,3,0,0
17540,1011.70,4,578.90,2
17541,119.86,1,0,0
17542,170.10,2,170.75,1
17543,120.05,1,0,0
17544,944.82,3,0,0
17545,767.54,3,642.32,3
17547,727.85,2,0,0
17548,627.96,3,103.30,1
17550,2239.48,6,267.16,3
17552,1856.36,8,930.41,4
17553,2270.00,3,1487.60,1
17555,565.43,3,480.31,2
17556,142.77,1,157.90,1
17557,34.00,1,541.46,3
17558,259.17,1,0,0
17559,167.62,1,0,0
17560,1040.85,4,854.95,4
17561,537.90,3,165.12,1
17563,392.38,2,0,0
17565,131.83,1,0,0
17567,506.60,1,3913.48,7
17568,374.45,1,0,0
17571,205.24,1,1424.42,4
17572,425.46,6,226.75,4
17575,171.70,1,0,0
17576,5140.77,22,3179.08,18
17577,348.75,2,0,0
17578,903.87,6,143.46,1
17579,304.38,1,270.86,2
17580,325.30,2,212.77,3
17581,6925.93,18,10040.56,22
17582,1271.68,4,175.27,1
17583,135.95,1,0,0
17584,4067.12,4,749.45,1
17585,948.03,3,1116.68,4
17586,167.40,1,0,0
17587,173.76,1,0,0
17588,1699.35,4,1240.20,3
17589,11403.35,14,2402.92,4
17591,135.65,1,2203.67,7
17592,148.30,1,0,0
17593,4168.46,6,3245.66,4
17594,1504.70,2,993.18,2
17596,1684.77,6,2806.69,7
17597,1439.72,4,2044.37,1
17598,409.98,1,0,0
17599,52.05,1,0,0
17601,296.65,1,116.01,1
17602,2300.01,8,3965.73,5
17603,1393.66,3,394.72,1
17604,633.02,4,309.36,2
17605,160.75,1,0,0
17606,87.30,1,0,0
17607,333.81,1,0,0
17608,296.07,2,191.99,2
17609,777.08,6,1098.28,5
17610,1511.94,5,0,0
17611,4326.41,13,3655.07,13
17612,3346.41,12,2048.45,6
17615,392.20,3,329.60,3
17616,163.20,1,571.20,3
17617,385.19,1,0,0
17618,3071.36,8,625.48,2
17621,1795.22,3,1379.90,3
17622,1130.21,2,0,0
17623,1838.72,6,527.05,1
17624,725.15,2,843.48,2
17625,3958.50,4,2020.40,4
17626,254.00,1,0,0
17627,296.36,1,0,0
17629,641.40,2,1474.67,7
17631,470.16,4,416.50,2
17633,732.55,3,1324.84,4
17635,1265.58,3,0,0
17638,842.40,2,0,0
17639,506.67,5,108.50,1
17640,2547.28,5,621.66,1
17642,1112.20,3,712.29,2
17643,338.15,1,101.55,1
17644,3132.96,9,2562.88,10
17646,2890.40,9,1008.39,3
17647,198.60,2,133.06,1
17648,418.87,1,1797.50,4
17649,710.40,2,868.49,1
17651,1758.52,6,3945.00,10
17655,337.44,2,2638.94,7
17657,126.00,1,0,0
17659,587.53,2,2999.46,12
17660,163.47,1,178.75,1
17662,412.92,2,0,0
17663,3372.92,10,1802.91,7
17664,561.59,2,604.64,2
17665,563.10,1,0,0
17666,1319.64,3,409.08,1
17667,1895.19,4,2055.51,5
17669,2735.63,3,3406.72,7
17671,436.45,1,1572.71,4
17672,2485.57,4,3178.17,2
17673,2578.91,7,1482.50,5
17675,17268.20,39,19124.70,29
17676,1077.46,4,1023.58,5
17677,18713.08,24,15641.22,28
17678,301.65,1,298.11,1
17679,1585.50,5,1992.11,2
17680,313.05,2,184.40,1
17681,731.20,5,0,0
17682,1590.95,5,2474.33,6
17683,819.01,3,0,0
17685,2299.12,5,3155.83,7
17686,2557.35,2,5110.09,6
17687,432.68,1,0,0
17688,304.20,1,0,0
17689,317.08,2,0,0
17690,2237.00,5,4726.80,15
17691,347.15,2,290.40,2
17692,2234.86,8,725.58,4
17694,1412.85,2,283.12,1
17695,980.70,3,765.34,2
17696,5393.88,19,2285.71,8
17699,442.00,2,0,0
17700,4145.33,10,2534.64,4
17702,1319.67,2,1824.37,4
17703,296.10,1,798.74,3
17705,260.38,2,1605.52,8
17706,9767.66,14,9728.65,16
17707,456.90,6,152.40,2
17708,620.85,2,263.33,2
17709,533.56,4,137.45,1
17710,293.50,1,0,0
17713,1198.09,4,0,0
17714,1257.18,4,153.00,1
17715,163.20,1,326.40,1
17716,10300.98,13,5655.99,11
17717,376.92,1,0,0
17718,299.83,1,139.35,1
17720,1470.97,6,1195.94,4
17721,307.21,1,0,0
17722,1096.18,1,2424.04,4
17723,102.00,1,3276.40,6
17726,1092.06,7,0,0
17728,1362.75,2,2288.16,2
17729,438.65,1,0,0
17730,2475.32,7,4635.78,12
17731,468.88,2,1240.11,4
17732,1862.45,7,303.97,1
17734,741.69,3,700.63,3
17735,3680.31,7,12216.42,18
17738,2304.51,9,1879.05,4
17739,4939.24,11,2791.35,7
17740,426.90,6,0,0
17741,101.10,2,0,0
17742,1743.37,9,355.11,2
17743,229.20,1,0,0
17744,326.74,1,1592.02,5
17745,600.34,2,0,0
17746,793.93,3,110.25,1
17748,358.15,1,0,0
17749,351.66,1,674.52,2
17751,157.86,1,0,0
17753,382.06,4,0,0
17754,2786.57,8,1473.02,4
17756,728.75,3,0,0
17757,3480.66,26,5172.89,28
17758,1555.83,4,3408.20,8
17759,441.92,2,818.71,3
17760,458.80,4,287.59,2
17762,129.75,1,0,0
17763,71.15,3,15.00,1
17764,741.02,3,772.55,2
17765,156.37,1,367.63,3
17766,299.61,2,0,0
17767,141.85,1,271.20,1
17768,1210.83,4,1279.45,2
17769,3095.95,7,3957.43,10
17771,141.60,2,245.33,2
17772,187.30,1,173.45,2
17773,575.37,2,0,0
17774,2059.10,5,1213.73,4
17776,329.30,2,0,0
17778,197.70,1,0,0
17780,346.56,3,0,0
17782,679.02,2,0,0
17783,93.49,1,283.47,2
17784,112.86,1,0,0
17785,271.44,2,131.94,1
17789,171.25,1,225.90,1
17790,815.11,6,1964.30,14
17792,368.35,2,0,0
17794,147.30,2,0,0
17796,546.39,3,690.00,4
17797,1191.44,5,780.43,3
17798,172.17,1,0,0
17799,3207.76,10,3039.17,10
17801,770.03,3,0,0
17802,3661.18,7,1285.04,3
17803,184.66,1,0,0
17804,383.78,3,0,0
17805,414.72,1,512.31,1
17807,437.87,3,0,0
17808,262.64,4,0,0
17809,4673.98,8,5411.91,12
17810,343.21,2,0,0
17811,1757.98,8,7434.74,37
17812,212.18,3,699.81,4
17814,1609.37,2,0,0
17815,591.96,1,0,0
17816,59.55,2,36.56,4
17817,400.47,3,269.70,2
17818,124.78,1,0,0
17819,2316.18,5,3704.87,7
17820,180.61,1,0,0
17821,334.62,1,0,0
17822,2154.08,5,0,0
17823,449.25,2,0,0
17825,701.96,4,0,0
17826,133.34,1,0,0
17827,388.84,1,1580.47,4
17829,3867.50,4,889.24,1
17833,338.46,1,0,0
17834,689.67,2,0,0
17838,2883.84,8,2720.80,5
17840,175.90,1,0,0
17841,28023.96,87,37970.10,120
17842,430.69,1,0,0
17843,114.92,1,197.73,1
17845,596.09,4,0,0
17847,125.74,2,0,0
17848,2637.26,21,901.20,9
17849,457.96,4,605.80,4
17850,45817.66,121,5391.21,34
17851,1552.35,6,0,0
17852,543.47,3,114.34,2
17853,1596.29,3,0,0
17854,757.24,4,311.26,2
17857,468.00,1,22741.44,20
17858,7377.99,18,4376.94,11
17860,490.94,3,226.45,1
17861,2990.41,10,1660.14,7
17862,923.99,3,330.90,1
17863,2200.48,6,3160.00,6
17864,321.72,2,554.85,3
17865,15785.87,26,10524.22,20
17866,805.30,2,329.65,1
17867,402.85,8,1157.87,6
17868,227.15,1,0,0
17869,385.46,2,428.18,5
17870,887.40,1,1616.04,11
17871,913.05,4,155.90,1
17872,235.87,1,0,0
17873,4416.37,13,1719.58,5
17875,167.10,1,0,0
17876,3424.02,3,0,0
17878,999.48,2,379.45,1
17880,366.00,2,458.92,1
17882,291.56,2,0,0
17883,324.08,3,483.15,3
17884,1998.40,16,590.54,3
17886,703.27,3,869.28,3
17888,1091.44,17,716.00,8
17889,545.05,5,201.37,2
17894,1185.62,10,1118.54,8
17897,1511.23,6,541.81,3
17898,147.12,2,152.06,2
17901,149.70,2,110.38,1
17902,216.40,1,0,0
17903,381.09,1,0,0
17905,1369.38,9,798.99,4
17907,291.76,1,0,0
17908,910.44,4,232.03,1
17909,110.05,1,0,0
17910,261.70,1,0,0
17912,61.54,1,310.06,5
17913,3016.44,12,408.65,2
17915,225.78,1,0,0
17916,43.87,2,0,0
17918,388.44,3,0,0
17919,536.28,1,1304.04,1
17920,19462.28,37,3616.53,15
17921,1574.13,6,820.23,4
17922,170.40,1,0,0
17923,289.50,2,207.50,1
17924,295.20,1,2962.50,7
17926,638.20,3,397.29,2
17927,294.00,1,0,0
17928,128.70,1,184.46,2
17929,2239.10,8,843.00,4
17930,2534.74,8,1740.48,5
17931,2993.88,12,408.36,2
17933,105.99,1,0,0
17934,344.90,1,704.25,2
17935,540.35,5,142.89,2
17938,144.29,1,0,0
17940,26237.40,5,2152.18,9
17941,1128.72,3,304.56,1
17944,74.99,1,0,0
17945,359.50,3,0,0
17949,49803.00,72,55155.76,39
17950,684.09,4,482.20,3
17951,332.04,1,1008.54,3
17952,788.46,4,0,0
17953,148.67,1,0,0
17954,1487.70,7,2034.76,11
17955,392.60,2,557.30,4
17958,465.42,1,508.46,1
17959,140.75,1,0,0
17960,61.30,2,73.78,1
17961,1570.30,61,1296.44,39
17962,563.50,3,102.41,1
17963,643.16,4,0,0
17965,4403.71,15,2599.19,14
17966,865.49,5,1098.43,5
17967,111.15,1,112.27,1
17968,325.34,3,265.10,1
17969,2126.09,18,228.20,2
17971,161.94,1,0,0
17974,1035.10,3,703.99,3
17975,2213.07,11,4479.96,13
17977,1223.31,1,288.14,1
17978,859.07,3,300.92,1
17980,201.27,1,811.45,3
17981,239.12,1,0,0
17982,138.18,1,0,0
17983,171.71,1,0,0
17984,996.01,4,152.68,1
17987,766.87,4,198.57,1
17988,284.57,6,201.12,7
17989,207.33,1,0,0
17990,896.77,3,630.84,3
17991,205.30,1,93.35,2
17992,252.88,1,0,0
17993,225.99,1,0,0
17994,1589.14,7,674.89,4
17995,419.38,2,76.10,1
17996,469.73,3,0,0
17998,639.24,3,0,0
17999,148.07,1,380.39,2
18000,124.25,1,0,0
18001,509.01,4,415.13,2
18002,237.62,4,0,0
18003,353.51,1,0,0
18006,524.83,3,444.68,1
18007,215.22,1,0,0
18008,17642.89,14,2116.19,9
18009,1896.84,7,247.39,1
18011,308.00,1,102.79,1
18012,115.30,1,0,0
18016,476.90,2,1477.66,5
18017,165.00,1,523.00,3
18018,175.85,2,122.14,2
18020,190.48,1,0,0
18021,216.41,2,0,0
18022,893.90,4,612.72,1
18025,1177.72,6,0,0
18026,2074.07,2,0,0
18028,192.05,1,0,0
18029,433.77,1,0,0
18031,451.30,1,0,0
18034,334.67,1,418.68,2
18035,546.34,2,713.89,3
18036,1142.37,8,403.12,3
18037,97.40,9,70.02,6
18038,141.48,1,0,0
18039,548.22,4,0,0
18041,3921.40,17,4097.37,21
18042,116.10,1,165.05,1
18044,1417.01,8,1877.70,9
18046,189.63,1,0,0
18047,326.09,2,0,0
18048,222.64,1,172.29,2
18049,500.50,2,0,0
18050,337.66,1,74.40,1
18051,2282.28,7,0,0
18052,10877.18,1,0,0
18053,271.05,2,300.02,1
18054,176.50,1,0,0
18055,3381.30,4,5897.57,9
18056,190.95,1,363.65,1
18057,1168.14,3,0,0
18058,603.90,2,170.16,1
18060,1185.46,2,0,0
18061,3964.40,18,2119.41,10
18062,912.15,3,720.52,3
18063,186.60,2,0,0
18064,3667.83,9,814.00,2
18065,3453.80,14,1949.19,11
18066,1122.40,2,318.00,1
18069,2439.78,6,2009.24,5
18070,314.10,1,0,0
18071,716.68,4,453.00,2
18074,529.84,1,489.60,1
18075,3171.54,10,2611.75,10
18076,151.49,1,0,0
18077,1494.38,7,2329.07,10
18078,389.40,2,336.13,2
18079,590.78,1,3613.15,4
18083,463.53,1,0,0
18084,704.75,2,90.48,1
18085,651.90,2,689.95,2
18087,10705.80,15,3202.92,1
18089,428.45,1,0,0
18090,321.90,1,0,0
18091,360.85,1,0,0
18092,5625.46,7,8506.42,10
18093,2346.19,4,2106.52,4
18094,3374.22,6,3017.30,7
18095,1723.04,3,580.05,2
18096,789.10,3,849.06,3
18097,1965.52,5,1986.20,5
18098,527.94,1,0,0
18100,451.56,1,0,0
18101,399.61,3,222.40,2
18102,321329.74,85,248171.76,57
18103,105.80,1,0,0
18106,1019.16,5,421.90,1
18107,165.88,1,0,0
18108,577.81,2,271.00,1
18109,1550.79,12,6636.41,23
18110,193.48,1,198.80,1
18111,405.85,1,0,0
18112,420.67,2,352.69,2
18115,9.70,1,0,0
18116,731.38,5,1399.51,8
18118,595.94,3,5622.68,26
18123,92.20,1,574.44,2
18124,102.65,1,0,0
18127,209.05,1,347.08,3
18128,399.29,1,0,0
18131,222.96,1,0,0
18132,220.13,1,0,0
18134,445.00,2,0,0
18135,567.71,5,681.91,5
18136,847.03,2,784.33,3
18137,145.99,2,0,0
18140,536.41,1,0,0
18141,882.47,2,0,0
18144,2004.20,7,2656.75,11
18145,2748.19,7,2861.55,4
18148,112.85,1,0,0
18149,941.88,4,612.08,3
18151,1226.09,4,653.35,2
18152,426.69,1,0,0
18153,246.22,1,0,0
18154,533.41,3,220.49,1
18157,213.90,1,0,0
18160,365.82,1,638.06,2
18161,184.41,1,1618.69,5
18162,371.51,1,0,0
18163,728.84,1,0,0
18166,175.50,1,0,0
18168,2275.46,10,1160.04,6
18170,1897.69,6,980.31,3
18171,1206.00,4,1231.31,5
18172,9905.56,32,7561.68,20
18173,589.52,1,2106.84,4
18174,58.50,1,0,0
18175,176.10,1,0,0
18177,875.45,3,1340.87,6
18178,4512.93,7,1590.81,4
18179,754.38,2,1793.17,6
18181,821.49,4,366.85,1
18182,291.13,1,0,0
18186,329.58,1,0,0
18187,724.89,1,0,0
18188,1279.55,3,2001.04,3
18189,313.49,1,1090.24,2
18190,461.16,3,284.46,2
18191,321.60,1,207.80,1
18193,963.59,2,243.76,1
18194,3188.20,5,973.84,1
18195,101.16,1,0,0
18196,768.64,2,686.63,2
18197,230.10,1,0,0
18199,344.75,1,0,0
18201,447.53,1,0,0
18203,322.10,3,160.42,1
18206,314.66,1,0,0
18207,544.47,1,0,0
18208,360.08,1,0,0
18210,147.45,1,2443.48,5
18212,298.30,1,216.07,1
18214,1780.34,4,0,0
18215,1933.15,4,299.34,1
18217,323.29,2,621.75,2
18218,479.92,2,641.92,2
18219,1282.93,7,1827.40,9
18220,1616.48,5,305.28,1
18221,383.33,1,1041.61,5
18223,7516.31,12,5905.82,13
18225,7509.84,14,5174.68,11
18226,6650.83,15,5228.05,11
18227,295.00,1,93.75,1
18229,2873.61,8,7276.90,20
18230,1480.86,2,2810.20,7
18231,4776.50,23,2071.77,5
18234,179.60,1,0,0
18236,913.11,6,882.24,6
18238,270.92,1,0,0
18239,150.65,1,1561.61,5
18241,913.90,4,2073.09,17
18242,1372.72,4,2232.49,4
18243,515.78,1,0,0
18244,568.64,2,0,0
18245,3757.92,13,1672.81,6
18246,162.72,1,596.10,2
18247,839.73,3,0,0
18251,21964.14,8,4314.72,1
18252,1015.42,5,518.27,2
18253,317.88,1,0,0
18254,267.90,1,0,0
18255,199.85,1,103.30,1
18256,110.70,1,0,0
18257,2247.52,4,2337.63,8
18258,2059.67,6,0,0
18259,1603.30,4,2338.60,3
18260,7318.91,17,2628.35,6
18262,428.06,2,149.48,1
18264,603.25,1,0,0
18266,251.10,1,0,0
18267,269.37,1,0,0
18268,1464.73,5,25.50,1
18270,161.40,1,283.15,2
18271,680.85,2,0,0
18272,1307.40,3,2710.70,5
18273,153.00,1,153.00,2
18275,741.85,2,0,0
18276,1320.66,5,335.86,1
18277,1069.67,4,110.38,1
18278,240.30,1,173.90,1
18279,231.34,1,0,0
18280,307.55,1,180.60,1
18281,120.32,1,80.82,1
18283,619.37,6,1831.58,15
18284,411.68,1,0,0
18285,377.00,1,0,0
18286,1246.43,2,0,0
18287,2295.71,4,1837.28,3
